{
    "variants": {
        "east=false,north=false,south=false,west=false": [
{ "model": "oak_fence_post" },
{ "model": "oak_fence_post", "y": 90 },
{ "model": "oak_fence_post", "y": 180 },
{ "model": "oak_fence_post", "y": 270 }
],
        "east=false,north=true,south=false,west=false": [
{ "model": "oak_fence_n", "uvlock": false }
],
        "east=true,north=false,south=false,west=false": [
{ "model": "oak_fence_n", "y": 90, "uvlock": false }
],
        "east=false,north=false,south=true,west=false": [
{ "model": "oak_fence_n", "y": 180, "uvlock": false }
],
        "east=false,north=false,south=false,west=true": [
{ "model": "oak_fence_n", "y": 270, "uvlock": false }
],
        "east=true,north=true,south=false,west=false": [
{ "model": "oak_fence_ne", "uvlock": false }
],
        "east=true,north=false,south=true,west=false": [
{ "model": "oak_fence_ne", "y": 90, "uvlock": false }
],
        "east=false,north=false,south=true,west=true": [
{ "model": "oak_fence_ne", "y": 180, "uvlock": false }
],
        "east=false,north=true,south=false,west=true": [
{ "model": "oak_fence_ne", "y": 270, "uvlock": false }
],
        "east=false,north=true,south=true,west=false": [
{ "model": "oak_fence_ns", "uvlock": false },
{ "model": "oak_fence_ns", "y": 180, "uvlock": false }
],
        "east=true,north=false,south=false,west=true": [
{ "model": "oak_fence_ns", "y": 90, "uvlock": false },
{ "model": "oak_fence_ns", "y": 270, "uvlock": false }
],
        "east=true,north=true,south=true,west=false": [
{ "model": "oak_fence_nse", "uvlock": false }
],
        "east=true,north=false,south=true,west=true": [
{ "model": "oak_fence_nse", "y": 90, "uvlock": false }
],
        "east=false,north=true,south=true,west=true": [
{ "model": "oak_fence_nse", "y": 180, "uvlock": false }
],
        "east=true,north=true,south=false,west=true": [
{ "model": "oak_fence_nse", "y": 270, "uvlock": false }
],
        "east=true,north=true,south=true,west=true": [
{ "model": "oak_fence_nsew", "uvlock": false },
{ "model": "oak_fence_nsew", "y": 90, "uvlock": false },
{ "model": "oak_fence_nsew", "y": 180, "uvlock": false },
{ "model": "oak_fence_nsew", "y": 270, "uvlock": false }
]
    }
}
