{
"__comment": "Designed by Sibsib92 with BDcraft Cubik PRO 0.90 Beta - http://bdcraft.net",
"ambientocclusion": false,
"textures": {
    "particle": "blocks/bed_head_side",
    "texture": "blocks/planks_oak",
    "bed_head_end": "blocks/bed_head_end",
    "bed_head_top": "blocks/bed_head_top",
    "bed_feet_side": "blocks/bed_feet_side",
    "bed_feet_end": "blocks/bed_feet_end",
    "bed_feet_top": "blocks/bed_feet_top",
    "wool": "blocks/wool_colored_white"
},
"elements": [ 
{
    "__comment": "Pillow",
    "from": [ 1.5, 8, 16.5 ],
    "to": [ 14.5, 8.5, 22.5 ],
    "faces": {
        "up":    { "uv": [ 1.5, 8.5, 14.5, 14.5 ], "texture": "#wool" },
        "north": { "uv": [ 1.5, 7.5, 14.5, 8 ], "texture": "#wool" },
        "south": { "uv": [ 1.5, 7.5, 14.5, 8 ], "texture": "#wool" },
        "west":  { "uv": [ 8.5, 7.5, 14.5, 8 ], "texture": "#wool" },
        "east":  { "uv": [ 1.5, 7.5, 7.5, 8 ], "texture": "#wool" }
    }
},
{
    "__comment": "Pillow",
    "from": [ 2.5, 8.5, 17.5 ],
    "to": [ 13.5, 9, 21.5 ],
    "faces": {
        "up":    { "uv": [ 2.5, 9.5, 13.5, 13.5 ], "texture": "#wool" },
        "north": { "uv": [ 2.5, 7, 13.5, 7.5 ], "texture": "#wool" },
        "south": { "uv": [ 2.5, 7, 13.5, 7.5 ], "texture": "#wool" },
        "west":  { "uv": [ 9.5, 7, 13.5, 7.5 ], "texture": "#wool" },
        "east":  { "uv": [ 2.5, 7, 6.5, 7.5 ], "texture": "#wool" }
    }
},
{
    "__comment": "Wood Head",
    "from": [ 3, 10, 22 ],
    "to": [ 13, 15, 24 ],
    "faces": {
        "down":  { "uv": [ 13, 15, 3, 13 ], "texture": "#texture" },
        "up":    { "uv": [ 4, 0, 14, 2 ], "texture": "#texture" },
        "north": { "uv": [ 13, 1, 3, 6 ], "texture": "#texture" },
        "south": { "uv": [ 3, 1, 13, 6 ], "texture": "#texture", "cullface": "south" },
        "west":  { "uv": [ 14, 1, 16, 6 ], "texture": "#texture" },
        "east":  { "uv": [ 16, 1, 14, 6 ], "texture": "#texture" }
    }
},
{
    "__comment": "Wood Head",
    "from": [ 7, 16, 22 ],
    "to": [ 9, 17, 24 ],
    "faces": {
        "up":    { "uv": [ 5, 13, 7, 15 ], "texture": "#texture", "cullface": "up" },
        "north": { "uv": [ 16, 14, 14, 15 ], "texture": "#texture", "cullface": "up" },
        "south": { "uv": [ 14, 14, 16, 15 ], "texture": "#texture", "cullface": "up" },
        "west":  { "uv": [ 14, 14, 16, 15 ], "texture": "#texture", "cullface": "up" },
        "east":  { "uv": [ 16, 14, 14, 15 ], "texture": "#texture", "cullface": "up" }
    }
},
{
    "__comment": "Wood Head",
    "from": [ 5, 15, 22 ],
    "to": [ 11, 16, 24 ],
    "faces": {
        "up":    { "uv": [ 5, 13, 11, 15 ], "texture": "#texture", "cullface": "up" },
        "north": { "uv": [ 11, 0, 5, 1 ], "texture": "#texture" },
        "south": { "uv": [ 5, 0, 11, 1 ], "texture": "#texture", "cullface": "south" },
        "west":  { "uv": [ 14, 0, 16, 1 ], "texture": "#texture" },
        "east":  { "uv": [ 16, 0, 14, 1 ], "texture": "#texture" }
    }
},
{
    "__comment": "Wood Head",
    "from": [ 2, 3, 23 ],
    "to": [ 14, 6, 24 ],
    "faces": {
        "down":  { "uv": [ 2, 12, 14, 13 ], "texture": "#texture" },
        "up":    { "uv": [ 2, 10, 14, 11 ], "texture": "#texture" },
        "north": { "uv": [ 14, 10, 2, 13 ], "texture": "#texture" },
        "south": { "uv": [ 2, 10, 14, 13 ], "texture": "#texture", "cullface": "south" }
    }
},
{
    "__comment": "Wood Head",
    "from": [ 15, 3, 8 ],
    "to": [ 16, 6, 22 ],
    "faces": {
        "down":  { "uv": [ 14, 12, 0, 13 ], "rotation": 90, "texture": "#texture" },
        "up":    { "uv": [ 0, 10, 14, 11 ], "rotation": 90, "texture": "#texture" },
        "west":  { "uv": [ 0, 10, 14, 13 ], "texture": "#texture" },
        "east":  { "uv": [ 14, 10, 0, 13 ], "texture": "#texture", "cullface": "east" }
    }
},
{
    "__comment": "Wood Head",
    "from": [ 0, 3, 8 ],
    "to": [ 1, 6, 22 ],
    "faces": {
        "down":  { "uv": [ 14, 12, 0, 13 ], "rotation": 90, "texture": "#texture" },
        "up":    { "uv": [ 0, 10, 14, 11 ], "rotation": 90, "texture": "#texture" },
        "west":  { "uv": [ 0, 10, 14, 13 ], "texture": "#texture", "cullface": "west" },
        "east":  { "uv": [ 14, 10, 0, 13 ], "texture": "#texture" }
    }
},
{
    "__comment": "Wood Head",
    "from": [ 1, 4, 14.5 ],
    "to": [ 15, 5, 16.5 ],
    "faces": {
        "down":  { "uv": [ 1, 8, 15, 10 ], "texture": "#texture" },
        "north": { "uv": [ 15, 10, 1, 9 ], "texture": "#texture" },
        "south": { "uv": [ 1, 8, 15, 9 ], "texture": "#texture" }
    }
},
{
    "__comment": "Wood Head",
    "from": [ 1, 4, 19.5 ],
    "to": [ 15, 5, 21.5 ],
    "faces": {
        "down":  { "uv": [ 1, 12, 15, 14 ], "texture": "#texture" },
        "north": { "uv": [ 15, 13, 1, 14 ], "texture": "#texture" },
        "south": { "uv": [ 1, 12, 15, 13 ], "texture": "#texture" }
    }
},
{
    "__comment": "Wood Head",
    "from": [ 1, 4, 9.5 ],
    "to": [ 15, 5, 11.5 ],
    "faces": {
        "down":  { "uv": [ 1, 4, 15, 6 ], "texture": "#texture" },
        "north": { "uv": [ 15, 5, 1, 6 ], "texture": "#texture" },
        "south": { "uv": [ 1, 4, 15, 5 ], "texture": "#texture" }
    }
},
{
    "__comment": "Wood Head",
    "from": [ 0, 0, 22 ],
    "to": [ 2, 16, 24 ],
    "faces": {
        "down":  { "uv": [ 5, 7, 7, 9 ], "texture": "#texture", "cullface": "down" },
        "up":    { "uv": [ 8, 9, 10, 11 ], "texture": "#texture", "cullface": "up" },
        "north": { "uv": [ 14, 0, 16, 16 ], "texture": "#texture" },
        "south": { "uv": [ 0, 0, 2, 16 ], "texture": "#texture", "cullface": "south" },
        "west":  { "uv": [ 14, 0, 16, 16 ], "texture": "#texture", "cullface": "west" },
        "east":  { "uv": [ 0, 0, 2, 16 ], "texture": "#texture" }
    }
},
{
    "__comment": "Wood Head",
    "from": [ 14, 0, 22 ],
    "to": [ 16, 16, 24 ],
    "faces": {
        "down":  { "uv": [ 8, 11, 10, 13 ], "texture": "#texture", "cullface": "down" },
        "up":    { "uv": [ 8, 9, 10, 11 ], "texture": "#texture", "cullface": "up" },
        "north": { "uv": [ 0, 0, 2, 16 ], "texture": "#texture" },
        "south": { "uv": [ 14, 0, 16, 16 ], "texture": "#texture", "cullface": "south" },
        "west":  { "uv": [ 14, 0, 16, 16 ], "texture": "#texture" },
        "east":  { "uv": [ 0, 0, 2, 16 ], "texture": "#texture", "cullface": "east" }
    }
},
{
    "__comment": "Wood Head",
    "from": [ 2, 13.5, 22.5 ],
    "to": [ 14, 14.5, 23.5 ],
    "faces": {
        "down":  { "uv": [ 14, 16, 2, 15 ], "texture": "#texture" },
        "up":    { "uv": [ 2, 15, 14, 16 ], "texture": "#texture" },
        "north": { "uv": [ 2, 15, 14, 16 ], "texture": "#texture" },
        "south": { "uv": [ 2, 15, 14, 16 ], "texture": "#texture" }
    }
},
{
    "__comment": "Wood Head",
    "from": [ 2, 10.5, 22.5 ],
    "to": [ 14, 11.5, 23.5 ],
    "faces": {
        "down":  { "uv": [ 14, 16, 2, 15 ], "texture": "#texture" },
        "up":    { "uv": [ 2, 15, 14, 16 ], "texture": "#texture" },
        "north": { "uv": [ 2, 15, 14, 16 ], "texture": "#texture" },
        "south": { "uv": [ 2, 15, 14, 16 ], "texture": "#texture" }
    }
},
{
    "__comment": "Wood Foot",
    "from": [ 2, 3, -8 ],
    "to": [ 14, 6, -7 ],
    "faces": {
        "down":  { "uv": [ 2, 13, 14, 12 ], "texture": "#texture", "cullface": "north" },
        "up":    { "uv": [ 2, 10, 14, 11 ], "texture": "#texture", "cullface": "north" },
        "north": { "uv": [ 14, 10, 2, 13 ], "texture": "#texture", "cullface": "north" },
        "south": { "uv": [ 2, 10, 14, 13 ], "texture": "#texture", "cullface": "north" }
    }
},
{
    "__comment": "Wood Foot",
    "from": [ 15, 3, -6 ],
    "to": [ 16, 6, 8 ],
    "faces": {
        "down":  { "uv": [ 16, 12, 2, 13 ], "rotation": 90, "texture": "#texture", "cullface": "north" },
        "up":    { "uv": [ 2, 10, 16, 11 ], "rotation": 90, "texture": "#texture", "cullface": "north" },
        "west":  { "uv": [ 2, 10, 16, 13 ], "texture": "#texture", "cullface": "north" },
        "east":  { "uv": [ 16, 10, 2, 13 ], "texture": "#texture", "cullface": "north" }
    }
},
{
    "__comment": "Wood Foot",
    "from": [ 0, 3, -6 ],
    "to": [ 1, 6, 8 ],
    "faces": {
        "down":  { "uv": [ 16, 12, 2, 13 ], "rotation": 90, "texture": "#texture", "cullface": "north" },
        "up":    { "uv": [ 2, 10, 16, 11 ], "rotation": 90, "texture": "#texture", "cullface": "north" },
        "west":  { "uv": [ 2, 10, 16, 13 ], "texture": "#texture", "cullface": "north" },
        "east":  { "uv": [ 16, 10, 2, 13 ], "texture": "#texture", "cullface": "north" }
    }
},
{
    "__comment": "Wood Foot",
    "from": [ 1, 4, -0.5 ],
    "to": [ 15, 5, 1.5 ],
    "faces": {
        "down":  { "uv": [ 1, 8, 15, 10 ], "texture": "#texture", "cullface": "north" },
        "north": { "uv": [ 15, 10, 1, 9 ], "texture": "#texture", "cullface": "north" },
        "south": { "uv": [ 1, 8, 15, 9 ], "texture": "#texture", "cullface": "north" }
    }
},
{
    "__comment": "Wood Foot",
    "from": [ 1, 4, 4.5 ],
    "to": [ 15, 5, 6.5 ],
    "faces": {
        "down":  { "uv": [ 1, 12, 15, 14 ], "texture": "#texture", "cullface": "north" },
        "north": { "uv": [ 15, 13, 1, 14 ], "texture": "#texture", "cullface": "north" },
        "south": { "uv": [ 1, 12, 15, 13 ], "texture": "#texture", "cullface": "north" }
    }
},
{
    "__comment": "Wood Foot",
    "from": [ 1, 4, -5.5 ],
    "to": [ 15, 5, -3.5 ],
    "faces": {
        "down":  { "uv": [ 1, 4, 15, 6 ], "texture": "#texture", "cullface": "north" },
        "north": { "uv": [ 15, 5, 1, 6 ], "texture": "#texture", "cullface": "north" },
        "south": { "uv": [ 1, 4, 15, 5 ], "texture": "#texture", "cullface": "north" }
    }
},
{
    "__comment": "Wood Foot",
    "from": [ 0, 0, -8 ],
    "to": [ 2, 16, -6 ],
    "faces": {
        "down":  { "uv": [ 10, 6, 12, 8 ], "texture": "#texture", "cullface": "north" },
        "up":    { "uv": [ 8, 9, 10, 11 ], "texture": "#texture", "cullface": "north" },
        "north": { "uv": [ 14, 0, 16, 16 ], "texture": "#texture", "cullface": "north" },
        "south": { "uv": [ 0, 0, 2, 16 ], "texture": "#texture", "cullface": "north" },
        "west":  { "uv": [ 0, 0, 2, 16 ], "texture": "#texture", "cullface": "north" },
        "east":  { "uv": [ 14, 0, 16, 16 ], "texture": "#texture", "cullface": "north" }
    }
},
{
    "__comment": "Wood Foot",
    "from": [ 14, 0, -8 ],
    "to": [ 16, 16, -6 ],
    "faces": {
        "down":  { "uv": [ 9, 6, 11, 8 ], "texture": "#texture", "cullface": "north" },
        "up":    { "uv": [ 8, 9, 10, 11 ], "texture": "#texture", "cullface": "north" },
        "north": { "uv": [ 0, 0, 2, 16 ], "texture": "#texture", "cullface": "north" },
        "south": { "uv": [ 14, 0, 16, 16 ], "texture": "#texture", "cullface": "north" },
        "west":  { "uv": [ 0, 0, 2, 16 ], "texture": "#texture", "cullface": "north" },
        "east":  { "uv": [ 14, 0, 16, 16 ], "texture": "#texture", "cullface": "north" }
    }
},
{
    "__comment": "Wood Foot",
    "from": [ 2, 13.5, -7.5 ],
    "to": [ 14, 14.5, -6.5 ],
    "faces": {
        "down":  { "uv": [ 14, 16, 2, 15 ], "texture": "#texture", "cullface": "north" },
        "up":    { "uv": [ 2, 15, 14, 16 ], "texture": "#texture", "cullface": "north" },
        "north": { "uv": [ 2, 15, 14, 16 ], "texture": "#texture", "cullface": "north" },
        "south": { "uv": [ 2, 15, 14, 16 ], "texture": "#texture", "cullface": "north" }
    }
},
{
    "__comment": "Wood Foot",
    "from": [ 2, 10.5, -7.5 ],
    "to": [ 14, 11.5, -6.5 ],
    "faces": {
        "down":  { "uv": [ 14, 16, 2, 15 ], "texture": "#texture", "cullface": "north" },
        "up":    { "uv": [ 2, 15, 14, 16 ], "texture": "#texture", "cullface": "north" },
        "north": { "uv": [ 2, 15, 14, 16 ], "texture": "#texture", "cullface": "north" },
        "south": { "uv": [ 2, 15, 14, 16 ], "texture": "#texture", "cullface": "north" }
    }
},
{
    "__comment": "Wood Foot",
    "from": [ 9, 15, -8 ],
    "to": [ 13, 16, -6 ],
    "faces": {
        "up":    { "uv": [ 9, 0, 13, 2 ], "texture": "#texture", "cullface": "north" },
        "north": { "uv": [ 13, 1, 9, 2 ], "texture": "#texture", "cullface": "north" },
        "south": { "uv": [ 9, 1, 13, 2 ], "texture": "#texture", "cullface": "north" },
        "west":  { "uv": [ 0, 1, 2, 2 ], "texture": "#texture", "cullface": "north" },
        "east":  { "uv": [ 2, 1, 0, 2 ], "texture": "#texture", "cullface": "north" }
    }
},
{
    "__comment": "Wood Foot",
    "from": [ 3, 15, -8 ],
    "to": [ 7, 16, -6 ],
    "faces": {
        "up":    { "uv": [ 4, 0, 8, 2 ], "texture": "#texture", "cullface": "north" },
        "north": { "uv": [ 7, 0, 3, 1 ], "texture": "#texture", "cullface": "north" },
        "south": { "uv": [ 3, 0, 7, 1 ], "texture": "#texture", "cullface": "north" },
        "west":  { "uv": [ 0, 0, 2, 1 ], "texture": "#texture", "cullface": "north" },
        "east":  { "uv": [ 2, 0, 0, 1 ], "texture": "#texture", "cullface": "north" }
    }
},
{
    "__comment": "Wood Foot",
    "from": [ 11, 16, -8 ],
    "to": [ 13, 17, -6 ],
    "faces": {
        "up":    { "uv": [ 5, 13, 7, 15 ], "texture": "#texture", "cullface": "north" },
        "north": { "uv": [ 15.5, 14, 13.5, 15 ], "texture": "#texture", "cullface": "north" },
        "south": { "uv": [ 14, 14, 16, 15 ], "texture": "#texture", "cullface": "north" },
        "west":  { "uv": [ 14, 14, 16, 15 ], "texture": "#texture", "cullface": "north" },
        "east":  { "uv": [ 16, 14, 14, 15 ], "texture": "#texture", "cullface": "north" }
    }
},
{
    "__comment": "Wood Foot",
    "from": [ 3, 16, -8 ],
    "to": [ 5, 17, -6 ],
    "faces": {
        "up":    { "uv": [ 5, 13, 7, 15 ], "texture": "#texture", "cullface": "north" },
        "north": { "uv": [ 2, 14, 0, 15 ], "texture": "#texture", "cullface": "north" },
        "south": { "uv": [ 0, 14, 2, 15 ], "texture": "#texture", "cullface": "north" },
        "west":  { "uv": [ 0, 14, 2, 15 ], "texture": "#texture", "cullface": "north" },
        "east":  { "uv": [ 2, 14, 0, 15 ], "texture": "#texture", "cullface": "north" }
    }
},
{
    "__comment": "Wood Foot",
    "from": [ 3, 10, -8 ],
    "to": [ 13, 15, -6 ],
    "faces": {
        "down":  { "uv": [ 13, 15, 3, 13 ], "texture": "#texture", "cullface": "north" },
        "up":    { "uv": [ 4, 0, 14, 2 ], "texture": "#texture", "cullface": "north" },
        "north": { "uv": [ 13, 1, 3, 6 ], "texture": "#texture", "cullface": "north" },
        "south": { "uv": [ 3, 1, 13, 6 ], "texture": "#texture", "cullface": "north" },
        "west":  { "uv": [ 0, 1, 2, 6 ], "texture": "#texture", "cullface": "north" },
        "east":  { "uv": [ 2, 1, 0, 6 ], "texture": "#texture", "cullface": "north" }
    }
},
{
    "__comment": "Bed Foot",
    "from": [ 0.5, 5, -7.5 ],
    "to": [ 15.5, 8.5, 8 ],
    "faces": {
        "down":  { "uv": [ 0, 0, 16, 16 ], "texture": "#wool", "cullface": "north" },
        "up":    { "uv": [ 0, 16, 16, 0 ], "rotation": 90, "texture": "#bed_feet_top", "cullface": "north" },
        "north": { "uv": [ 0, 7, 16, 11 ], "texture": "#bed_feet_end", "cullface": "north" },
        "west":  { "uv": [ 0, 7, 16, 11 ], "texture": "#bed_feet_end", "cullface": "north" },
        "east":  { "uv": [ 16, 7, 0, 11 ], "texture": "#bed_feet_side", "cullface": "north" }
    }
},
{
    "__comment": "Bed Head 1",
    "from": [ 1, 5, 16 ],
    "to": [ 15, 8, 23 ],
    "faces": {
        "down":  { "uv": [ 16, 8, 0, 0 ], "texture": "#wool" },
        "up":    { "uv": [ 16, 0, 8, 16 ], "rotation": 270, "texture": "#bed_head_top" },
        "south": { "uv": [ 0, 7, 16, 11 ], "texture": "#bed_head_end" },
        "west":  { "uv": [ 8, 7, 16, 11 ], "texture": "#particle" },
        "east":  { "uv": [ 16, 7, 8, 11 ], "texture": "#particle" }
    }
},
{
    "__comment": "Bed Head 1*",
    "from": [ 0.5, 5, 8 ],
    "to": [ 15.5, 8.5, 16 ],
    "faces": {
        "down":  { "uv": [ 16, 8, 0, 0 ], "texture": "#wool" },
        "up":    { "uv": [ 8, 0, 0, 16 ], "rotation": 270, "texture": "#bed_head_top" },
        "south": { "uv": [ 0, 7, 16, 11 ], "texture": "#bed_feet_end" },
        "west":  { "uv": [ 0, 7, 8, 11 ], "texture": "#particle" },
        "east":  { "uv": [ 8, 7, 0, 11 ], "texture": "#particle" }
    }
}
],
"display": {
    "thirdperson": {
        "rotation": [ 180, 0, 0 ],
        "translation": [ 0, 1, -2.5 ],
        "scale": [ 0.5, 0.5, 0.5 ]
    },
    "head": {
        "rotation": [ 0, 0, 0 ],
        "translation": [ 0, 5.5, 0 ],
        "scale": [ 0.5, 0.5, 0.5 ]
    },
    "ground": {
        "rotation": [ 0, 0, 0 ],
        "translation": [ 0, 0, 0 ],
        "scale": [ 1, 1, 1 ]
    },
    "fixed": {
        "rotation": [ 0, 90, 0 ],
        "translation": [ 0, 0, 0 ],
        "scale": [ 1, 1, 1 ]
    },
    "firstperson": {
        "rotation": [ 0, 135, 0 ],
        "translation": [ 0, -1, 2 ],
        "scale": [ 1, 1, 1 ]
    },
    "gui": {
        "rotation": [ 0, -90, 0 ],
        "translation": [ 0, 0, 0 ],
        "scale": [ 0.75, 0.75, 0.75 ]
    }
}
}