{
"__comment": "Designed by Sibsib92 with BDcraft Cubik PRO 0.90 Beta - http://bdcraft.net",
"ambientocclusion": false,
"textures": {
    "particle": "items/book_normal",
    "texture": "blocks/hardened_clay_stained_brown",
    "material": "blocks/quartz_block_top"
},
"elements": [ 
{
    "__comment": "Paper",
    "from": [ 2.5, 0.5, 6.5 ],
    "to": [ 13.5, 15.5, 9.5 ],
    "faces": {
        "down":  { "uv": [ 2.5, 9.5, 13.5, 6.5 ], "rotation": 180, "texture": "#material" },
        "up":    { "uv": [ 2.5, 6.5, 13.5, 9.5 ], "rotation": 180, "texture": "#material" },
        "west":  { "uv": [ 6.5, 0.5, 9.5, 15.5 ], "texture": "#material" }
    }
},
{
    "__comment": "Outside",
    "from": [ 13.5, 0, 6.5 ],
    "to": [ 14, 16, 9.5 ],
    "faces": {
        "down":  { "uv": [ 2, 9.5, 2.5, 6.5 ], "rotation": 180, "texture": "#texture" },
        "up":    { "uv": [ 2, 6.5, 2.5, 9.5 ], "rotation": 180, "texture": "#texture" },
        "west":  { "uv": [ 6.5, 0, 9.5, 16 ], "texture": "#texture" },
        "east":  { "uv": [ 6.5, 0, 9.5, 16 ], "texture": "#texture" }
    }
},
{
    "__comment": "Outside",
    "from": [ 2, 0, 6 ],
    "to": [ 14, 16, 6.5 ],
    "faces": {
        "down":  { "uv": [ 2, 10, 14, 9.5 ], "rotation": 180, "texture": "#texture" },
        "up":    { "uv": [ 2, 9.5, 14, 10 ], "rotation": 180, "texture": "#texture" },
        "north": { "uv": [ 2, 0, 14, 16 ], "texture": "#texture" },
        "south": { "uv": [ 2, 0, 14, 16 ], "texture": "#texture" },
        "west":  { "uv": [ 6, 0, 6.5, 16 ], "texture": "#texture" },
        "east":  { "uv": [ 9.5, 0, 10, 16 ], "texture": "#texture" }
    }
},
{
    "__comment": "Outside",
    "from": [ 2, 0, 9.5 ],
    "to": [ 14, 16, 10 ],
    "faces": {
        "down":  { "uv": [ 2, 6.5, 14, 6 ], "rotation": 180, "texture": "#texture" },
        "up":    { "uv": [ 2, 6, 14, 6.5 ], "rotation": 180, "texture": "#texture" },
        "north": { "uv": [ 2, 0, 14, 16 ], "texture": "#texture" },
        "south": { "uv": [ 2, 0, 14, 16 ], "texture": "#texture" },
        "west":  { "uv": [ 9.5, 0, 10, 16 ], "texture": "#texture" },
        "east":  { "uv": [ 6, 0, 6.5, 16 ], "texture": "#texture" }
    }
}
],
"display": {
    "thirdperson": {
        "rotation": [ 0, -90, -45 ],
        "translation": [ 0, 0, -3 ],
        "scale": [ 0.5, 0.5, 0.5 ]
    },
    "head": {
        "rotation": [ 90, 0, 20 ],
        "translation": [ 0, 4.5, 0 ],
        "scale": [ 1, 1, 1 ]
    },
    "ground": {
        "rotation": [ 90, 0, 0 ],
        "translation": [ 0, -5, 0 ],
        "scale": [ 1.5, 1.5, 1.5 ]
    },
    "fixed": {
        "rotation": [ 0, 0, 0 ],
        "translation": [ 0, 0, 0 ],
        "scale": [ 1.5, 1.5, 1.5 ]
    },
    "firstperson": {
        "rotation": [ 0, -135, 0 ],
        "translation": [ 0, 0, 0 ],
        "scale": [ 1, 1, 1 ]
    },
    "gui": {
        "rotation": [ 90, -90, 0 ],
        "translation": [ 0, 0, 0 ],
        "scale": [ 1, 1, 1 ]
    }
}
}