{
"__comment": "Sibsib92 3D Models for Default Resourcepack",
"ambientocclusion": false,
"textures": {
    "down": "blocks/cake_bottom",
    "up": "blocks/cake_top",
    "north": "blocks/cake_side",
    "south": "blocks/cake_inner",
    "west": "blocks/log_big_oak",
    "particle": "blocks/cake_top"
},
"elements": [ 
{
    "__comment": "TOP",
    "from": [ 9, 17.5, 8.5 ],
    "to": [ 9.5, 18, 9 ],
    "faces": {
        "down":  { "uv": [ 8, 8.5, 8.5, 8 ], "texture": "#west" },
        "up":    { "uv": [ 8, 8, 8.5, 8.5 ], "texture": "#west" },
        "north": { "uv": [ 7.5, 0, 8, 0.5 ], "texture": "#west" },
        "south": { "uv": [ 8, 0, 8.5, 0.5 ], "texture": "#west" },
        "west":  { "uv": [ 8, 0, 8.5, 0.5 ], "texture": "#west" },
        "east":  { "uv": [ 7.5, 0, 8, 0.5 ], "texture": "#west" }
    }
},
{
    "__comment": "TOP",
    "from": [ 8.5, 17, 8 ],
    "to": [ 9, 17.5, 8.5 ],
    "faces": {
        "down":  { "uv": [ 8, 8.5, 8.5, 8 ], "texture": "#west" },
        "up":    { "uv": [ 8, 8, 8.5, 8.5 ], "texture": "#west" },
        "north": { "uv": [ 7.5, 0, 8, 0.5 ], "texture": "#west" },
        "south": { "uv": [ 8, 0, 8.5, 0.5 ], "texture": "#west" },
        "west":  { "uv": [ 8, 0, 8.5, 0.5 ], "texture": "#west" },
        "east":  { "uv": [ 7.5, 0, 8, 0.5 ], "texture": "#west" }
    }
},
{
    "__comment": "TOP",
    "from": [ 8, 16.5, 8 ],
    "to": [ 8.5, 17, 8.5 ],
    "faces": {
        "up":    { "uv": [ 8, 8, 8.5, 8.5 ], "texture": "#west" },
        "north": { "uv": [ 7.5, 0, 8, 0.5 ], "texture": "#west" },
        "south": { "uv": [ 8, 0, 8.5, 0.5 ], "texture": "#west" },
        "west":  { "uv": [ 8, 0, 8.5, 0.5 ], "texture": "#west" },
        "east":  { "uv": [ 7.5, 0, 8, 0.5 ], "texture": "#west" }
    }
},
{
    "__comment": "TOP",
    "from": [ 7.5, 15, 7 ],
    "to": [ 8.5, 16, 7.5 ],
    "faces": {
        "down":  { "uv": [ 7.5, 9, 8.5, 8.5 ], "texture": "#up" },
        "up":    { "uv": [ 7.5, 8.5, 8.5, 9 ], "texture": "#up" },
        "north": { "uv": [ 7.5, 7.5, 8.5, 8.5 ], "texture": "#up" },
        "west":  { "uv": [ 8, 8, 8.5, 9 ], "texture": "#up" },
        "east":  { "uv": [ 7.5, 8, 8, 9 ], "texture": "#up" }
    }
},
{
    "__comment": "TOP",
    "from": [ 7.5, 15, 8.5 ],
    "to": [ 8.5, 16, 9 ],
    "faces": {
        "down":  { "uv": [ 7.5, 9, 8.5, 8.5 ], "texture": "#up" },
        "up":    { "uv": [ 7.5, 8.5, 8.5, 9 ], "texture": "#up" },
        "south": { "uv": [ 7.5, 7.5, 8.5, 8.5 ], "texture": "#up" },
        "west":  { "uv": [ 8, 8, 8.5, 9 ], "texture": "#up" },
        "east":  { "uv": [ 7.5, 8, 8, 9 ], "texture": "#up" }
    }
},
{
    "__comment": "TOP",
    "from": [ 7, 15, 7.5 ],
    "to": [ 7.5, 16, 8.5 ],
    "faces": {
        "down":  { "uv": [ 8.5, 8.5, 9, 7.5 ], "texture": "#up" },
        "up":    { "uv": [ 8.5, 7.5, 9, 8.5 ], "texture": "#up" },
        "north": { "uv": [ 8.5, 7.5, 9, 8.5 ], "texture": "#up" },
        "south": { "uv": [ 8.5, 7.5, 9, 8.5 ], "texture": "#up" },
        "west":  { "uv": [ 7.5, 7.5, 8.5, 8.5 ], "texture": "#up" }
    }
},
{
    "__comment": "TOP",
    "from": [ 8.5, 15, 7.5 ],
    "to": [ 9, 16, 8.5 ],
    "faces": {
        "down":  { "uv": [ 8.5, 8.5, 9, 7.5 ], "texture": "#up" },
        "up":    { "uv": [ 8.5, 7.5, 9, 8.5 ], "texture": "#up" },
        "north": { "uv": [ 8.5, 7.5, 9, 8.5 ], "texture": "#up" },
        "south": { "uv": [ 8.5, 7.5, 9, 8.5 ], "texture": "#up" },
        "east":  { "uv": [ 7.5, 7.5, 8.5, 8.5 ], "texture": "#up" }
    }
},
{
    "__comment": "TOP",
    "from": [ 7.5, 16, 7.5 ],
    "to": [ 8.5, 16.5, 8.5 ],
    "faces": {
        "up":    { "uv": [ 7.5, 7.5, 8.5, 8.5 ], "texture": "#up" },
        "north": { "uv": [ 7.5, 8, 8.5, 8.5 ], "texture": "#up" },
        "south": { "uv": [ 7.5, 8, 8.5, 8.5 ], "texture": "#up" },
        "west":  { "uv": [ 7.5, 8, 8.5, 8.5 ], "texture": "#up" },
        "east":  { "uv": [ 7.5, 8, 8.5, 8.5 ], "texture": "#up" }
    }
},
{
    "__comment": "TOP",
    "from": [ 7.5, 14.5, 7.5 ],
    "to": [ 8.5, 15, 8.5 ],
    "faces": {
        "north": { "uv": [ 7.5, 8, 8.5, 8.5 ], "texture": "#up" },
        "south": { "uv": [ 7.5, 8, 8.5, 8.5 ], "texture": "#up" },
        "west":  { "uv": [ 7.5, 8, 8.5, 8.5 ], "texture": "#up" },
        "east":  { "uv": [ 7.5, 8, 8.5, 8.5 ], "texture": "#up" }
    }
},
{
    "__comment": "TOP",
    "from": [ 6, 12, 6 ],
    "to": [ 10, 14, 10 ],
    "faces": {
        "up":    { "uv": [ 6, 6, 10, 10 ], "texture": "#up" },
        "north": { "uv": [ 6, 3, 10, 5 ], "texture": "#up" },
        "south": { "uv": [ 3, 3, 7, 5 ], "texture": "#up" },
        "west":  { "uv": [ 4, 3, 8, 5 ], "texture": "#up" },
        "east":  { "uv": [ 5, 6, 9, 8 ], "texture": "#up" }
    }
},
{
    "__comment": "MID",
    "from": [ 4, 8, 4 ],
    "to": [ 12, 12, 12 ],
    "faces": {
        "up":    { "uv": [ 6, 6, 14, 14 ], "texture": "#up" },
        "north": { "uv": [ 7, 1, 15, 5 ], "texture": "#up" },
        "south": { "uv": [ 9, 1, 1, 5 ], "texture": "#up" },
        "west":  { "uv": [ 7, 4, 15, 8 ], "texture": "#up" },
        "east":  { "uv": [ 5, 4, 13, 8 ], "texture": "#up" }
    }
},
{
    "__comment": "BASE",
    "from": [ 1, 4, 1 ],
    "to": [ 3, 5, 3 ],
    "faces": {
        "down":  { "uv": [ 1, 3, 3, 1 ], "texture": "#up" },
        "north": { "uv": [ 3, 11, 1, 12 ], "texture": "#north" },
        "south": { "uv": [ 1, 11, 3, 12 ], "texture": "#north" },
        "west":  { "uv": [ 1, 11, 3, 12 ], "texture": "#north" },
        "east":  { "uv": [ 3, 11, 1, 12 ], "texture": "#north" }
    }
},
{
    "__comment": "BASE",
    "from": [ 9, 4, 1 ],
    "to": [ 11, 5, 3 ],
    "faces": {
        "down":  { "uv": [ 9, 3, 11, 1 ], "texture": "#up" },
        "north": { "uv": [ 11, 11, 9, 12 ], "texture": "#north" },
        "south": { "uv": [ 9, 11, 11, 12 ], "texture": "#north" },
        "west":  { "uv": [ 1, 11, 3, 12 ], "texture": "#north" },
        "east":  { "uv": [ 3, 11, 1, 12 ], "texture": "#north" }
    }
},
{
    "__comment": "BASE",
    "from": [ 1, 4, 5 ],
    "to": [ 3, 5, 7 ],
    "faces": {
        "down":  { "uv": [ 1, 7, 3, 5 ], "texture": "#up" },
        "north": { "uv": [ 3, 11, 1, 12 ], "texture": "#north" },
        "south": { "uv": [ 1, 11, 3, 12 ], "texture": "#north" },
        "west":  { "uv": [ 5, 11, 7, 12 ], "texture": "#north" },
        "east":  { "uv": [ 7, 11, 5, 12 ], "texture": "#north" }
    }
},
{
    "__comment": "BASE",
    "from": [ 1, 4, 13 ],
    "to": [ 3, 5, 15 ],
    "faces": {
        "down":  { "uv": [ 1, 15, 3, 13 ], "texture": "#up" },
        "north": { "uv": [ 3, 11, 1, 12 ], "texture": "#north" },
        "south": { "uv": [ 1, 11, 3, 12 ], "texture": "#north" },
        "west":  { "uv": [ 13, 11, 15, 12 ], "texture": "#north" },
        "east":  { "uv": [ 15, 11, 13, 12 ], "texture": "#north" }
    }
},
{
    "__comment": "BASE",
    "from": [ 5, 4, 1 ],
    "to": [ 7, 5, 3 ],
    "faces": {
        "down":  { "uv": [ 5, 3, 7, 1 ], "texture": "#up" },
        "north": { "uv": [ 7, 11, 5, 12 ], "texture": "#north" },
        "south": { "uv": [ 5, 11, 7, 12 ], "texture": "#north" },
        "west":  { "uv": [ 1, 11, 3, 12 ], "texture": "#north" },
        "east":  { "uv": [ 3, 11, 1, 12 ], "texture": "#north" }
    }
},
{
    "__comment": "BASE",
    "from": [ 13, 4, 1 ],
    "to": [ 15, 5, 3 ],
    "faces": {
        "down":  { "uv": [ 13, 3, 15, 1 ], "texture": "#up" },
        "north": { "uv": [ 15, 11, 13, 12 ], "texture": "#north" },
        "south": { "uv": [ 13, 11, 15, 12 ], "texture": "#north" },
        "west":  { "uv": [ 1, 11, 3, 12 ], "texture": "#north" },
        "east":  { "uv": [ 3, 11, 1, 12 ], "texture": "#north" }
    }
},
{
    "__comment": "BASE",
    "from": [ 1, 4, 9 ],
    "to": [ 3, 5, 11 ],
    "faces": {
        "down":  { "uv": [ 1, 11, 3, 9 ], "texture": "#up" },
        "north": { "uv": [ 3, 11, 1, 12 ], "texture": "#north" },
        "south": { "uv": [ 1, 11, 3, 12 ], "texture": "#north" },
        "west":  { "uv": [ 9, 11, 11, 12 ], "texture": "#north" },
        "east":  { "uv": [ 11, 11, 9, 12 ], "texture": "#north" }
    }
},
{
    "__comment": "BASE",
    "from": [ 9, 4, 13 ],
    "to": [ 11, 5, 15 ],
    "faces": {
        "down":  { "uv": [ 9, 15, 11, 13 ], "texture": "#up" },
        "north": { "uv": [ 11, 11, 9, 12 ], "texture": "#north" },
        "south": { "uv": [ 9, 11, 11, 12 ], "texture": "#north" },
        "west":  { "uv": [ 13, 11, 15, 12 ], "texture": "#north" },
        "east":  { "uv": [ 15, 11, 13, 12 ], "texture": "#north" }
    }
},
{
    "__comment": "BASE",
    "from": [ 13, 4, 9 ],
    "to": [ 15, 5, 11 ],
    "faces": {
        "down":  { "uv": [ 13, 11, 15, 9 ], "texture": "#up" },
        "north": { "uv": [ 15, 11, 13, 12 ], "texture": "#north" },
        "south": { "uv": [ 13, 11, 15, 12 ], "texture": "#north" },
        "west":  { "uv": [ 9, 11, 11, 12 ], "texture": "#north" },
        "east":  { "uv": [ 11, 11, 9, 12 ], "texture": "#north" }
    }
},
{
    "__comment": "BASE",
    "from": [ 13, 4, 5 ],
    "to": [ 15, 5, 7 ],
    "faces": {
        "down":  { "uv": [ 13, 7, 15, 5 ], "texture": "#up" },
        "north": { "uv": [ 15, 11, 13, 12 ], "texture": "#north" },
        "south": { "uv": [ 13, 11, 15, 12 ], "texture": "#north" },
        "west":  { "uv": [ 5, 11, 7, 12 ], "texture": "#north" },
        "east":  { "uv": [ 7, 11, 5, 12 ], "texture": "#north" }
    }
},
{
    "__comment": "BASE",
    "from": [ 13, 4, 13 ],
    "to": [ 15, 5, 15 ],
    "faces": {
        "down":  { "uv": [ 13, 15, 15, 13 ], "texture": "#up" },
        "north": { "uv": [ 15, 11, 13, 12 ], "texture": "#north" },
        "south": { "uv": [ 13, 11, 15, 12 ], "texture": "#north" },
        "west":  { "uv": [ 13, 11, 15, 12 ], "texture": "#north" },
        "east":  { "uv": [ 15, 11, 13, 12 ], "texture": "#north" }
    }
},
{
    "__comment": "BASE",
    "from": [ 5, 4, 13 ],
    "to": [ 7, 5, 15 ],
    "faces": {
        "down":  { "uv": [ 5, 15, 7, 13 ], "texture": "#up" },
        "north": { "uv": [ 7, 11, 5, 12 ], "texture": "#north" },
        "south": { "uv": [ 5, 11, 7, 12 ], "texture": "#north" },
        "west":  { "uv": [ 13, 11, 15, 12 ], "texture": "#north" },
        "east":  { "uv": [ 15, 11, 13, 12 ], "texture": "#north" }
    }
},
{
    "__comment": "BASE",
    "from": [ 2, 0, 2 ],
    "to": [ 14, 5, 14 ],
    "faces": {
        "down":  { "uv": [ 2, 14, 14, 2 ], "texture": "#down" },
        "north": { "uv": [ 2, 11, 14, 16 ], "texture": "#north" },
        "south": { "uv": [ 2, 11, 14, 16 ], "texture": "#north" },
        "west":  { "uv": [ 2, 11, 14, 16 ], "texture": "#north" },
        "east":  { "uv": [ 2, 11, 14, 16 ], "texture": "#north" }
    }
},
{
    "__comment": "BASE",
    "from": [ 1, 5, 1 ],
    "to": [ 15, 8, 15 ],
    "faces": {
        "down":  { "uv": [ 1, 15, 15, 1 ], "texture": "#up" },
        "up":    { "uv": [ 1, 1, 15, 15 ], "texture": "#up" },
        "north": { "uv": [ 1, 8, 15, 11 ], "texture": "#north" },
        "south": { "uv": [ 1, 8, 15, 11 ], "texture": "#north" },
        "west":  { "uv": [ 1, 8, 15, 11 ], "texture": "#north" },
        "east":  { "uv": [ 1, 8, 15, 11 ], "texture": "#north" }
    }
},
{
    "__comment": "1",
    "from": [ 7, 14, 7 ],
    "to": [ 9, 14.5, 9 ],
    "faces": {
        "up":    { "uv": [ 7, 7, 9, 9 ], "texture": "#up" },
        "north": { "uv": [ 7, 7, 9, 7.5 ], "texture": "#up" },
        "south": { "uv": [ 7, 7, 9, 7.5 ], "texture": "#up" },
        "west":  { "uv": [ 7, 7.5, 9, 8 ], "texture": "#up" },
        "east":  { "uv": [ 7, 7.5, 9, 8 ], "texture": "#up" }
    }
},
{
    "__comment": "1",
    "from": [ 10, 12, 6 ],
    "to": [ 11, 13, 8 ],
    "faces": {
        "up":    { "uv": [ 8, 7, 9, 9 ], "texture": "#up" },
        "north": { "uv": [ 8, 7, 9, 8 ], "texture": "#up" },
        "south": { "uv": [ 9, 4, 10, 5 ], "texture": "#up" },
        "east":  { "uv": [ 7, 8, 9, 9 ], "texture": "#up" }
    }
},
{
    "__comment": "1",
    "from": [ 5, 12, 5 ],
    "to": [ 7, 13, 7 ],
    "faces": {
        "up":    { "uv": [ 7, 7, 9, 9 ], "texture": "#up" },
        "north": { "uv": [ 9, 7, 7, 8 ], "texture": "#up" },
        "south": { "uv": [ 9, 7, 7, 8 ], "texture": "#up" },
        "west":  { "uv": [ 3, 4, 5, 5 ], "texture": "#up" },
        "east":  { "uv": [ 7, 7, 9, 8 ], "texture": "#up" }
    }
},
{
    "__comment": "1",
    "from": [ 6, 12, 10 ],
    "to": [ 8, 13, 11 ],
    "faces": {
        "up":    { "uv": [ 8, 7, 9, 9 ], "texture": "#up" },
        "south": { "uv": [ 9, 4, 10, 5 ], "texture": "#up" },
        "west":  { "uv": [ 7, 8, 9, 9 ], "texture": "#up" },
        "east":  { "uv": [ 7, 8, 9, 9 ], "texture": "#up" }
    }
},
{
    "__comment": "1",
    "from": [ 12, 8, 8 ],
    "to": [ 13, 9, 10 ],
    "faces": {
        "up":    { "uv": [ 8, 7, 9, 9 ], "texture": "#up" },
        "north": { "uv": [ 8, 7, 9, 8 ], "texture": "#up" },
        "south": { "uv": [ 9, 4, 10, 5 ], "texture": "#up" },
        "east":  { "uv": [ 7, 8, 9, 9 ], "texture": "#up" }
    }
},
{
    "__comment": "1",
    "from": [ 3, 8, 4 ],
    "to": [ 4, 9, 6 ],
    "faces": {
        "up":    { "uv": [ 4, 4, 5, 6 ], "texture": "#up" },
        "north": { "uv": [ 12, 8, 13, 9 ], "texture": "#up" },
        "south": { "uv": [ 2, 7, 3, 8 ], "texture": "#up" },
        "west":  { "uv": [ 7, 8, 9, 9 ], "texture": "#up" }
    }
},
{
    "__comment": "1",
    "from": [ 8, 8, 12 ],
    "to": [ 10, 9, 13 ],
    "faces": {
        "up":    { "uv": [ 8, 7, 9, 9 ], "texture": "#up" },
        "south": { "uv": [ 9, 4, 10, 5 ], "texture": "#up" },
        "west":  { "uv": [ 7, 8, 9, 9 ], "texture": "#up" },
        "east":  { "uv": [ 7, 8, 9, 9 ], "texture": "#up" }
    }
},
{
    "__comment": "1",
    "from": [ 2, 8, 7 ],
    "to": [ 3, 8.5, 8 ],
    "faces": {
        "up":    { "uv": [ 4, 4, 5, 6 ], "texture": "#up" },
        "north": { "uv": [ 12, 8, 13, 9 ], "texture": "#up" },
        "south": { "uv": [ 2, 7, 3, 8 ], "texture": "#up" },
        "west":  { "uv": [ 7, 8, 9, 9 ], "texture": "#up" },
        "east":  { "uv": [ 11, 9, 13, 10 ], "texture": "#up" }
    }
},
{
    "__comment": "1",
    "from": [ 3, 8, 13 ],
    "to": [ 4, 8.5, 14 ],
    "faces": {
        "up":    { "uv": [ 4, 4, 5, 6 ], "texture": "#up" },
        "north": { "uv": [ 12, 8, 13, 9 ], "texture": "#up" },
        "south": { "uv": [ 2, 7, 3, 8 ], "texture": "#up" },
        "west":  { "uv": [ 7, 8, 9, 9 ], "texture": "#up" },
        "east":  { "uv": [ 11, 9, 13, 10 ], "texture": "#up" }
    }
},
{
    "__comment": "1",
    "from": [ 12, 8, 2 ],
    "to": [ 13, 8.5, 3 ],
    "faces": {
        "up":    { "uv": [ 4, 4, 5, 6 ], "texture": "#up" },
        "north": { "uv": [ 12, 8, 13, 9 ], "texture": "#up" },
        "south": { "uv": [ 2, 7, 3, 8 ], "texture": "#up" },
        "west":  { "uv": [ 7, 8, 9, 9 ], "texture": "#up" },
        "east":  { "uv": [ 11, 9, 13, 10 ], "texture": "#up" }
    }
},
{
    "__comment": "1",
    "from": [ 8, 12, 4 ],
    "to": [ 9, 12.5, 5 ],
    "faces": {
        "up":    { "uv": [ 4, 4, 5, 6 ], "texture": "#up" },
        "north": { "uv": [ 12, 8, 13, 9 ], "texture": "#up" },
        "south": { "uv": [ 2, 7, 3, 8 ], "texture": "#up" },
        "west":  { "uv": [ 7, 8, 9, 9 ], "texture": "#up" },
        "east":  { "uv": [ 11, 9, 13, 10 ], "texture": "#up" }
    }
},
{
    "__comment": "1",
    "from": [ 6, 10, 3.5 ],
    "to": [ 7, 11, 4 ],
    "faces": {
        "down":  { "uv": [ 4, 6, 5, 4 ], "texture": "#up" },
        "up":    { "uv": [ 4, 4, 5, 6 ], "texture": "#up" },
        "north": { "uv": [ 12, 8, 13, 9 ], "texture": "#up" },
        "west":  { "uv": [ 7, 8, 9, 9 ], "texture": "#up" },
        "east":  { "uv": [ 11, 9, 13, 10 ], "texture": "#up" }
    }
},
{
    "__comment": "1",
    "from": [ 9, 8, 3.5 ],
    "to": [ 10, 9, 4 ],
    "faces": {
        "up":    { "uv": [ 4, 4, 5, 6 ], "texture": "#up" },
        "north": { "uv": [ 12, 8, 13, 9 ], "texture": "#up" },
        "west":  { "uv": [ 7, 8, 9, 9 ], "texture": "#up" },
        "east":  { "uv": [ 11, 9, 13, 10 ], "texture": "#up" }
    }
},
{
    "__comment": "1",
    "from": [ 12, 9, 6 ],
    "to": [ 12.5, 10, 7 ],
    "faces": {
        "down":  { "uv": [ 4, 6, 5, 4 ], "texture": "#up" },
        "up":    { "uv": [ 4, 4, 5, 6 ], "texture": "#up" },
        "north": { "uv": [ 12, 8, 13, 9 ], "texture": "#up" },
        "south": { "uv": [ 2, 7, 3, 8 ], "texture": "#up" },
        "east":  { "uv": [ 11, 9, 13, 10 ], "texture": "#up" }
    }
},
{
    "__comment": "1",
    "from": [ 12, 11, 7 ],
    "to": [ 12.5, 12, 8 ],
    "faces": {
        "down":  { "uv": [ 4, 6, 5, 4 ], "texture": "#up" },
        "up":    { "uv": [ 4, 4, 5, 6 ], "texture": "#up" },
        "north": { "uv": [ 12, 8, 13, 9 ], "texture": "#up" },
        "south": { "uv": [ 2, 7, 3, 8 ], "texture": "#up" },
        "east":  { "uv": [ 11, 9, 13, 10 ], "texture": "#up" }
    }
},
{
    "__comment": "1",
    "from": [ 3.5, 9, 7 ],
    "to": [ 4, 10, 8 ],
    "faces": {
        "down":  { "uv": [ 4, 6, 5, 4 ], "texture": "#up" },
        "up":    { "uv": [ 4, 4, 5, 6 ], "texture": "#up" },
        "north": { "uv": [ 12, 8, 13, 9 ], "texture": "#up" },
        "south": { "uv": [ 2, 7, 3, 8 ], "texture": "#up" },
        "west":  { "uv": [ 7, 8, 9, 9 ], "texture": "#up" }
    }
},
{
    "__comment": "1",
    "from": [ 3.5, 11, 6 ],
    "to": [ 4, 12, 7 ],
    "faces": {
        "down":  { "uv": [ 4, 6, 5, 4 ], "texture": "#up" },
        "up":    { "uv": [ 4, 4, 5, 6 ], "texture": "#up" },
        "north": { "uv": [ 12, 8, 13, 9 ], "texture": "#up" },
        "south": { "uv": [ 2, 7, 3, 8 ], "texture": "#up" },
        "west":  { "uv": [ 7, 8, 9, 9 ], "texture": "#up" }
    }
}
]
}