{
"__comment": "Designed by Sibsib92 with BDcraft Cubik PRO 0.90 Beta - http://bdcraft.net",
"ambientocclusion": false,
"textures": {
    "particle": "blocks/door_dark_oak_lower",
    "texture": "blocks/planks_big_oak",
    "cauldron_inner": "blocks/cauldron_inner"
},
"elements": [ 
{
    "__comment": "Hinge",
    "from": [ -0.25, 4, -0.25 ],
    "to": [ 3.25, 6, 0.75 ],
    "faces": {
        "down":  { "uv": [ 3, 1, 0, 0 ], "texture": "#cauldron_inner" },
        "up":    { "uv": [ 0, 0, 3, 1 ], "texture": "#cauldron_inner" },
        "north": { "uv": [ 0, 0, 3, 2 ], "texture": "#cauldron_inner" },
        "south": { "uv": [ 0, 0, 3, 2 ], "texture": "#cauldron_inner" },
        "west":  { "uv": [ 0, 0, 1, 2 ], "texture": "#cauldron_inner" },
        "east":  { "uv": [ 0, 0, 1, 2 ], "texture": "#cauldron_inner" }
    }
},
{
    "__comment": "Hinge",
    "from": [ -0.25, 15, -0.25 ],
    "to": [ 3.25, 17, 0.75 ],
    "faces": {
        "down":  { "uv": [ 3, 1, 0, 0 ], "texture": "#cauldron_inner" },
        "up":    { "uv": [ 0, 0, 3, 1 ], "texture": "#cauldron_inner" },
        "north": { "uv": [ 0, 0, 3, 2 ], "texture": "#cauldron_inner" },
        "south": { "uv": [ 0, 0, 3, 2 ], "texture": "#cauldron_inner" },
        "west":  { "uv": [ 0, 0, 1, 2 ], "texture": "#cauldron_inner" },
        "east":  { "uv": [ 0, 0, 1, 2 ], "texture": "#cauldron_inner" }
    }
},
{
    "__comment": "Hinge",
    "from": [ -0.25, 26, -0.25 ],
    "to": [ 3.25, 28, 0.75 ],
    "faces": {
        "down":  { "uv": [ 3, 1, 0, 0 ], "texture": "#cauldron_inner" },
        "up":    { "uv": [ 0, 0, 3, 1 ], "texture": "#cauldron_inner" },
        "north": { "uv": [ 0, 0, 3, 2 ], "texture": "#cauldron_inner" },
        "south": { "uv": [ 0, 0, 3, 2 ], "texture": "#cauldron_inner" },
        "west":  { "uv": [ 0, 0, 1, 2 ], "texture": "#cauldron_inner" },
        "east":  { "uv": [ 0, 0, 1, 2 ], "texture": "#cauldron_inner" }
    }
},
{
    "__comment": "Handle",
    "from": [ -0.5, 16.25, 14.25 ],
    "to": [ 3.5, 16.75, 14.75 ],
    "faces": {
        "down":  { "uv": [ 16, 14.5, 12, 14 ], "texture": "#cauldron_inner" },
        "up":    { "uv": [ 0, 14, 4, 14.5 ], "texture": "#cauldron_inner" },
        "north": { "uv": [ 12, 15.25, 16, 15.75 ], "texture": "#cauldron_inner" },
        "south": { "uv": [ 0, 15.25, 4, 15.75 ], "texture": "#cauldron_inner" }
    }
},
{
    "__comment": "Handle",
    "from": [ -1, 16, 14 ],
    "to": [ -0.5, 17, 15 ],
    "faces": {
        "down":  { "uv": [ 16, 15, 15.5, 14 ], "texture": "#cauldron_inner" },
        "up":    { "uv": [ 0, 14, 0.5, 15 ], "texture": "#cauldron_inner" },
        "north": { "uv": [ 15.5, 0, 16, 1.5 ], "texture": "#cauldron_inner" },
        "south": { "uv": [ 0, 0, 0.5, 1.5 ], "texture": "#cauldron_inner" },
        "west":  { "uv": [ 14, 0, 15, 1.5 ], "texture": "#cauldron_inner" },
        "east":  { "uv": [ 1, 0, 2, 1.5 ], "texture": "#cauldron_inner" }
    }
},
{
    "__comment": "Handle",
    "from": [ 3.5, 15.5, 13.5 ],
    "to": [ 4.5, 16.5, 14.5 ],
    "faces": {
        "down":  { "uv": [ 12, 14.5, 11, 13.5 ], "texture": "#cauldron_inner" },
        "up":    { "uv": [ 4, 13.5, 5, 14.5 ], "texture": "#cauldron_inner" },
        "north": { "uv": [ 11, 15.5, 12, 16 ], "texture": "#cauldron_inner" },
        "south": { "uv": [ 4, 15.5, 5, 16 ], "texture": "#cauldron_inner" },
        "west":  { "uv": [ 13.5, 15.5, 14.5, 16 ], "texture": "#cauldron_inner" },
        "east":  { "uv": [ 1.5, 15.5, 2.5, 16 ], "texture": "#cauldron_inner" }
    }
},
{
    "__comment": "Handle",
    "from": [ -1.5, 15.5, 13.5 ],
    "to": [ -0.5, 16.5, 14.5 ],
    "faces": {
        "down":  { "uv": [ 16, 14.5, 15, 13.5 ], "texture": "#cauldron_inner" },
        "up":    { "uv": [ 0, 13.5, 1, 14.5 ], "texture": "#cauldron_inner" },
        "north": { "uv": [ 15, 15.5, 16, 16 ], "texture": "#cauldron_inner" },
        "south": { "uv": [ 0, 15.5, 1, 16 ], "texture": "#cauldron_inner" },
        "west":  { "uv": [ 13.5, 15.5, 14.5, 16 ], "texture": "#cauldron_inner" },
        "east":  { "uv": [ 1.5, 15.5, 2.5, 16 ], "texture": "#cauldron_inner" }
    }
},
{
    "__comment": "Handle",
    "from": [ 3.5, 16, 14 ],
    "to": [ 4, 17, 15 ],
    "faces": {
        "down":  { "uv": [ 16, 15, 15.5, 14 ], "texture": "#cauldron_inner" },
        "up":    { "uv": [ 0, 14, 0.5, 15 ], "texture": "#cauldron_inner" },
        "north": { "uv": [ 15.5, 0, 16, 2 ], "texture": "#cauldron_inner" },
        "south": { "uv": [ 0, 0, 0.5, 2 ], "texture": "#cauldron_inner" },
        "west":  { "uv": [ 14, 0, 15, 2 ], "texture": "#cauldron_inner" },
        "east":  { "uv": [ 1, 0, 2, 2 ], "texture": "#cauldron_inner" }
    }
},
{
    "__comment": "Handle",
    "from": [ 3.75, 15.5, 12.5 ],
    "to": [ 4.25, 16, 13.5 ],
    "faces": {
        "down":  { "uv": [ 12, 13.5, 11.5, 12.5 ], "texture": "#cauldron_inner" },
        "up":    { "uv": [ 4, 12.5, 4.5, 13.5 ], "texture": "#cauldron_inner" },
        "west":  { "uv": [ 12.5, 16, 13.5, 16 ], "texture": "#cauldron_inner" },
        "east":  { "uv": [ 2.5, 16, 3.5, 16 ], "texture": "#cauldron_inner" }
    }
},
{
    "__comment": "Handle",
    "from": [ -1.25, 15.5, 12.5 ],
    "to": [ -0.75, 16, 13.5 ],
    "faces": {
        "down":  { "uv": [ 16, 13.5, 15.5, 12.5 ], "texture": "#cauldron_inner" },
        "up":    { "uv": [ 0, 12.5, 0.5, 13.5 ], "texture": "#cauldron_inner" },
        "west":  { "uv": [ 12.5, 16, 13.5, 16 ], "texture": "#cauldron_inner" },
        "east":  { "uv": [ 2.5, 16, 3.5, 16 ], "texture": "#cauldron_inner" }
    }
},
{
    "__comment": "Handle",
    "from": [ 3.5, 15.5, 11.5 ],
    "to": [ 4.5, 16.5, 12.5 ],
    "faces": {
        "down":  { "uv": [ 12, 12.5, 11, 11.5 ], "texture": "#cauldron_inner" },
        "up":    { "uv": [ 4, 11.5, 5, 12.5 ], "texture": "#cauldron_inner" },
        "north": { "uv": [ 11, 15.5, 12, 16 ], "texture": "#cauldron_inner" },
        "south": { "uv": [ 4, 15.5, 5, 16 ], "texture": "#cauldron_inner" },
        "west":  { "uv": [ 11.5, 15.5, 12.5, 16 ], "texture": "#cauldron_inner" },
        "east":  { "uv": [ 3.5, 15.5, 4.5, 16 ], "texture": "#cauldron_inner" }
    }
},
{
    "__comment": "Handle",
    "from": [ -1.5, 15.5, 11.5 ],
    "to": [ -0.5, 16.5, 12.5 ],
    "faces": {
        "down":  { "uv": [ 16, 12.5, 15, 11.5 ], "texture": "#cauldron_inner" },
        "up":    { "uv": [ 0, 11.5, 1, 12.5 ], "texture": "#cauldron_inner" },
        "north": { "uv": [ 15, 15.5, 16, 16 ], "texture": "#cauldron_inner" },
        "south": { "uv": [ 0, 15.5, 1, 16 ], "texture": "#cauldron_inner" },
        "west":  { "uv": [ 11.5, 15.5, 12.5, 16 ], "texture": "#cauldron_inner" },
        "east":  { "uv": [ 3.5, 15.5, 4.5, 16 ], "texture": "#cauldron_inner" }
    }
},
{
    "__comment": "Top Diag Vert",
    "from": [ 0, 16, 14 ],
    "to": [ 1.5, 30, 15.5 ],
    "rotation": { "origin": [ 0, 16, 14 ], "axis": "y", "angle": 45 },
    "faces": {
        "north": { "uv": [ 13, 2, 14, 16 ], "texture": "#texture" }
    }
},
{
    "__comment": "Top Diag Vert",
    "from": [ 0.875, 16, 14 ],
    "to": [ 2.375, 30, 15.5 ],
    "rotation": { "origin": [ 0.875, 16, 14 ], "axis": "y", "angle": 45 },
    "faces": {
        "east":  { "uv": [ 2, 2, 3, 16 ], "texture": "#texture" }
    }
},
{
    "__comment": "Top Diag Vert",
    "from": [ 0, 16, 2 ],
    "to": [ 1.5, 30, 3.5 ],
    "rotation": { "origin": [ 0, 16, 2 ], "axis": "y", "angle": 45 },
    "faces": {
        "west":  { "uv": [ 2, 2, 3, 16 ], "texture": "#texture" }
    }
},
{
    "__comment": "Top Diag Vert",
    "from": [ 0.875, 16, 2 ],
    "to": [ 2.375, 30, 3.5 ],
    "rotation": { "origin": [ 0.875, 16, 2 ], "axis": "y", "angle": 45 },
    "faces": {
        "south": { "uv": [ 13, 2, 14, 16 ], "texture": "#texture" }
    }
},
{
    "__comment": "Bot Diag Horiz",
    "from": [ 0, 0.5, 2 ],
    "to": [ 1.5, 2, 14 ],
    "rotation": { "origin": [ 0, 2, 2 ], "axis": "z", "angle": 45 },
    "faces": {
        "up":    { "uv": [ 2, 13, 14, 14 ], "rotation": 90, "texture": "#texture" }
    }
},
{
    "__comment": "Bot Diag Horiz",
    "from": [ 0.875, 0.5, 2 ],
    "to": [ 2.375, 2, 14 ],
    "rotation": { "origin": [ 0.875, 2, 2 ], "axis": "z", "angle": 45 },
    "faces": {
        "east":  { "uv": [ 2, 13, 14, 14 ], "texture": "#texture" }
    }
},
{
    "__comment": "Top Diag Horiz",
    "from": [ 0, 28.5, 2 ],
    "to": [ 1.5, 30, 14 ],
    "rotation": { "origin": [ 0, 30, 2 ], "axis": "z", "angle": 45 },
    "faces": {
        "west":  { "uv": [ 2, 2, 14, 3 ], "texture": "#texture" }
    }
},
{
    "__comment": "Top Diag Horiz",
    "from": [ 0.875, 28.5, 2 ],
    "to": [ 2.375, 30, 14 ],
    "rotation": { "origin": [ 0.875, 30, 2 ], "axis": "z", "angle": 45 },
    "faces": {
        "down":  { "uv": [ 2, 2, 14, 3 ], "rotation": 90, "texture": "#texture" }
    }
},
{
    "__comment": "Door Bot",
    "from": [ 0, 2, 14 ],
    "to": [ 3, 16, 16 ],
    "faces": {
        "north": { "uv": [ 13, 0, 16, 14 ], "texture": "#texture" },
        "south": { "uv": [ 0, 0, 3, 14 ], "texture": "#texture" },
        "west":  { "uv": [ 14, 0, 16, 14 ], "texture": "#texture" },
        "east":  { "uv": [ 0, 0, 2, 14 ], "texture": "#texture" }
    }
},
{
    "__comment": "Door Bot",
    "from": [ 0, 2, 0 ],
    "to": [ 3, 16, 2 ],
    "faces": {
        "north": { "uv": [ 13, 0, 16, 14 ], "texture": "#texture" },
        "south": { "uv": [ 0, 0, 3, 14 ], "texture": "#texture" },
        "west":  { "uv": [ 0, 0, 2, 14 ], "texture": "#texture" },
        "east":  { "uv": [ 14, 0, 16, 14 ], "texture": "#texture" }
    }
},
{
    "__comment": "Door Bot",
    "from": [ 0, 0, 0 ],
    "to": [ 3, 2, 16 ],
    "faces": {
        "down":  { "uv": [ 16, 15, 0, 12 ], "rotation": 90, "texture": "#texture" },
        "up":    { "uv": [ 0, 4, 16, 7 ], "rotation": 90, "texture": "#texture" },
        "north": { "uv": [ 13, 14, 16, 16 ], "texture": "#texture" },
        "south": { "uv": [ 0, 14, 3, 16 ], "texture": "#texture" },
        "west":  { "uv": [ 0, 14, 16, 16 ], "texture": "#texture" },
        "east":  { "uv": [ 0, 14, 16, 16 ], "texture": "#texture" }
    }
},
{
    "__comment": "Door Bot",
    "from": [ 1, 2, 2 ],
    "to": [ 2, 16, 14 ],
    "faces": {
        "west":  { "uv": [ 2, 0, 14, 14 ], "texture": "#texture" },
        "east":  { "uv": [ 2, 0, 14, 14 ], "texture": "#texture" }
    }
},
{
    "__comment": "Door Top",
    "from": [ 0, 16, 14 ],
    "to": [ 3, 30, 16 ],
    "faces": {
        "north": { "uv": [ 13, 2, 16, 16 ], "texture": "#texture" },
        "south": { "uv": [ 0, 2, 3, 16 ], "texture": "#texture" },
        "west":  { "uv": [ 14, 2, 16, 16 ], "texture": "#texture" },
        "east":  { "uv": [ 0, 2, 2, 16 ], "texture": "#texture" }
    }
},
{
    "__comment": "Door Top",
    "from": [ 0, 16, 0 ],
    "to": [ 3, 30, 2 ],
    "faces": {
        "north": { "uv": [ 13, 2, 16, 16 ], "texture": "#texture" },
        "south": { "uv": [ 0, 2, 3, 16 ], "texture": "#texture" },
        "west":  { "uv": [ 0, 2, 2, 16 ], "texture": "#texture" },
        "east":  { "uv": [ 14, 2, 16, 16 ], "texture": "#texture" }
    }
},
{
    "__comment": "Door Top",
    "from": [ 0, 30, 0 ],
    "to": [ 3, 32, 16 ],
    "faces": {
        "down":  { "uv": [ 16, 15, 0, 12 ], "rotation": 90, "texture": "#texture" },
        "up":    { "uv": [ 0, 0, 16, 3 ], "rotation": 90, "texture": "#texture" },
        "north": { "uv": [ 13, 0, 16, 2 ], "texture": "#texture" },
        "south": { "uv": [ 0, 0, 3, 2 ], "texture": "#texture" },
        "west":  { "uv": [ 0, 0, 16, 2 ], "texture": "#texture" },
        "east":  { "uv": [ 0, 0, 16, 2 ], "texture": "#texture" }
    }
},
{
    "__comment": "Door Top",
    "from": [ 1, 16, 2 ],
    "to": [ 2, 30, 14 ],
    "faces": {
        "west":  { "uv": [ 2, 2, 14, 16 ], "texture": "#texture" },
        "east":  { "uv": [ 2, 2, 14, 16 ], "texture": "#texture" }
    }
},
{
    "__comment": "Bot Diag Vert",
    "from": [ 0, 2, 14 ],
    "to": [ 1.5, 15, 15.5 ],
    "rotation": { "origin": [ 0, 2, 14 ], "axis": "y", "angle": 45 },
    "faces": {
        "north": { "uv": [ 13, 1, 14, 14 ], "texture": "#texture" }
    }
},
{
    "__comment": "Bot Diag Vert",
    "from": [ 0.875, 2, 14 ],
    "to": [ 2.375, 15, 15.5 ],
    "rotation": { "origin": [ 0.875, 2, 14 ], "axis": "y", "angle": 45 },
    "faces": {
        "east":  { "uv": [ 2, 1, 3, 14 ], "texture": "#texture" }
    }
},
{
    "__comment": "Bot Diag Vert",
    "from": [ 0, 2, 2 ],
    "to": [ 1.5, 15, 3.5 ],
    "rotation": { "origin": [ 0, 2, 2 ], "axis": "y", "angle": 45 },
    "faces": {
        "west":  { "uv": [ 2, 1, 3, 14 ], "texture": "#texture" }
    }
},
{
    "__comment": "Bot Diag Vert",
    "from": [ 0.875, 2, 2 ],
    "to": [ 2.375, 15, 3.5 ],
    "rotation": { "origin": [ 0.875, 2, 2 ], "axis": "y", "angle": 45 },
    "faces": {
        "south": { "uv": [ 13, 1, 14, 14 ], "texture": "#texture" }
    }
},
{
    "__comment": "Door Bot",
    "from": [ 0, 15, 2 ],
    "to": [ 3, 16, 14 ],
    "faces": {
        "down":  { "uv": [ 2, 11, 14, 8 ], "rotation": 90, "texture": "#texture" },
        "west":  { "uv": [ 2, 0, 14, 1 ], "texture": "#texture" },
        "east":  { "uv": [ 2, 0, 14, 1 ], "texture": "#texture" }
    }
},
{
    "__comment": "Door Top",
    "from": [ 0, 16, 2 ],
    "to": [ 3, 17, 14 ],
    "faces": {
        "up":    { "uv": [ 2, 4, 14, 7 ], "rotation": 90, "texture": "#texture" },
        "west":  { "uv": [ 2, 15, 14, 16 ], "texture": "#texture" },
        "east":  { "uv": [ 2, 15, 14, 16 ], "texture": "#texture" }
    }
},
{
    "__comment": "Top Diag Horiz",
    "from": [ 0, 15.5, 2 ],
    "to": [ 1.5, 17, 14 ],
    "rotation": { "origin": [ 0, 17, 2 ], "axis": "z", "angle": 45 },
    "faces": {
        "up":    { "uv": [ 2, 14, 14, 15 ], "rotation": 90, "texture": "#texture" }
    }
},
{
    "__comment": "Top Diag Horiz",
    "from": [ 0.875, 15.5, 2 ],
    "to": [ 2.375, 17, 14 ],
    "rotation": { "origin": [ 0.875, 17, 2 ], "axis": "z", "angle": 45 },
    "faces": {
        "east":  { "uv": [ 2, 14, 14, 15 ], "texture": "#texture" }
    }
},
{
    "__comment": "Bot Diag Horiz",
    "from": [ 0, 13.5, 2 ],
    "to": [ 1.5, 15, 14 ],
    "rotation": { "origin": [ 0, 15, 2 ], "axis": "z", "angle": 45 },
    "faces": {
        "west":  { "uv": [ 2, 1, 14, 2 ], "texture": "#texture" }
    }
},
{
    "__comment": "Bot Diag Horiz",
    "from": [ 0.875, 13.5, 2 ],
    "to": [ 2.375, 15, 14 ],
    "rotation": { "origin": [ 0.875, 15, 2 ], "axis": "z", "angle": 45 },
    "faces": {
        "down":  { "uv": [ 2, 1, 14, 2 ], "rotation": 90, "texture": "#texture" }
    }
},
{
    "__comment": "Doot Bot",
    "from": [ 0, 2, 7 ],
    "to": [ 3, 15, 9 ],
    "faces": {
        "north": { "uv": [ 13, 1, 16, 14 ], "texture": "#texture" },
        "south": { "uv": [ 0, 1, 3, 14 ], "texture": "#texture" },
        "west":  { "uv": [ 7, 1, 9, 14 ], "texture": "#texture" },
        "east":  { "uv": [ 7, 1, 9, 14 ], "texture": "#texture" }
    }
},
{
    "__comment": "Door Top",
    "from": [ 0, 17, 7 ],
    "to": [ 3, 30, 9 ],
    "faces": {
        "north": { "uv": [ 13, 2, 16, 15 ], "texture": "#texture" },
        "south": { "uv": [ 0, 2, 3, 15 ], "texture": "#texture" },
        "west":  { "uv": [ 7, 2, 9, 15 ], "texture": "#texture" },
        "east":  { "uv": [ 7, 2, 9, 15 ], "texture": "#texture" }
    }
},
{
    "__comment": "Bot Diag Vert",
    "from": [ 0, 2, 7 ],
    "to": [ 1.5, 15, 8.5 ],
    "rotation": { "origin": [ 0, 2, 7 ], "axis": "y", "angle": 45 },
    "faces": {
        "north": { "uv": [ 6, 1, 7, 14 ], "texture": "#texture" }
    }
},
{
    "__comment": "Bot Diag Vert",
    "from": [ 0.875, 2, 7 ],
    "to": [ 2.375, 15, 8.5 ],
    "rotation": { "origin": [ 0.875, 2, 7 ], "axis": "y", "angle": 45 },
    "faces": {
        "east":  { "uv": [ 9, 1, 10, 14 ], "texture": "#texture" }
    }
},
{
    "__comment": "Bot Diag Vert",
    "from": [ 0, 2, 9 ],
    "to": [ 1.5, 15, 10.5 ],
    "rotation": { "origin": [ 0, 2, 9 ], "axis": "y", "angle": 45 },
    "faces": {
        "west":  { "uv": [ 9, 1, 10, 14 ], "texture": "#texture" }
    }
},
{
    "__comment": "Bot Diag Vert",
    "from": [ 0.875, 2, 9 ],
    "to": [ 2.375, 15, 10.5 ],
    "rotation": { "origin": [ 0.875, 2, 9 ], "axis": "y", "angle": 45 },
    "faces": {
        "south": { "uv": [ 6, 1, 7, 14 ], "texture": "#texture" }
    }
},
{
    "__comment": "Top Diag Vert",
    "from": [ 0, 17, 7 ],
    "to": [ 1.5, 30, 8.5 ],
    "rotation": { "origin": [ 0, 17, 7 ], "axis": "y", "angle": 45 },
    "faces": {
        "north": { "uv": [ 6, 2, 7, 15 ], "texture": "#texture" }
    }
},
{
    "__comment": "Top Diag Vert",
    "from": [ 0.875, 17, 7 ],
    "to": [ 2.375, 30, 8.5 ],
    "rotation": { "origin": [ 0.875, 17, 7 ], "axis": "y", "angle": 45 },
    "faces": {
        "east":  { "uv": [ 9, 2, 10, 15 ], "texture": "#texture" }
    }
},
{
    "__comment": "Top Diag Vert",
    "from": [ 0, 17, 9 ],
    "to": [ 1.5, 30, 10.5 ],
    "rotation": { "origin": [ 0, 17, 9 ], "axis": "y", "angle": 45 },
    "faces": {
        "west":  { "uv": [ 9, 2, 10, 15 ], "texture": "#texture" }
    }
},
{
    "__comment": "Top Diag Vert",
    "from": [ 0.875, 17, 9 ],
    "to": [ 2.375, 30, 10.5 ],
    "rotation": { "origin": [ 0.875, 17, 9 ], "axis": "y", "angle": 45 },
    "faces": {
        "south": { "uv": [ 6, 2, 7, 15 ], "texture": "#texture" }
    }
}
],
"display": {
    "thirdperson": {
        "rotation": [ 90, -180, 0 ],
        "translation": [ -1, 3, 0 ],
        "scale": [ 0.5, 0.5, 0.5 ]
    },
    "head": {
        "rotation": [ 0, -90, 0 ],
        "translation": [ 0, 7, 3 ],
        "scale": [ 1, 1, 1 ]
    },
    "ground": {
        "rotation": [ 0, 0, 0 ],
        "translation": [ 3, 0, 0 ],
        "scale": [ 1, 1, 1 ]
    },
    "fixed": {
        "rotation": [ 0, -90, 0 ],
        "translation": [ 0, -4, 3 ],
        "scale": [ 1, 1, 1 ]
    },
    "firstperson": {
        "rotation": [ -35, -35, 0 ],
        "translation": [ 0, -2, 4 ],
        "scale": [ 1, 1, 1 ]
    },
    "gui": {
        "rotation": [ 0, -115, 0 ],
        "translation": [ 0, -1.5, 0 ],
        "scale": [ 0.75, 0.75, 0.75 ]
    }
}
}