{
"__comment": "Designed by Sibsib92 with BDcraft Cubik PRO 0.91 Beta - http://bdcraft.net",
"ambientocclusion": false,
"textures": {
    "texture": "items/spawn_egg",
    "particle": "blocks/coal_block"
},
"elements": [ 
{
    "__comment": "Overlay",
    "from": [ 5.1875, 18.1875, 7.8125 ],
    "to": [ 8.1875, 19.6875, 10.8125 ],
    "faces": {
        "down":  { "uv": [ 10, 11, 12, 13 ], "texture": "#particle", "tintindex": 0 },
        "up":    { "uv": [ 10, 11, 12, 13 ], "texture": "#particle", "tintindex": 0 },
        "north": { "uv": [ 10, 11, 12, 13 ], "texture": "#particle", "tintindex": 0 },
        "south": { "uv": [ 10, 11, 12, 13 ], "texture": "#particle", "tintindex": 0 },
        "west":  { "uv": [ 10, 11, 12, 13 ], "texture": "#particle", "tintindex": 0 },
        "east":  { "uv": [ 10, 11, 12, 13 ], "texture": "#particle", "tintindex": 0 }
    }
},
{
    "__comment": "Overlay",
    "from": [ 8.75, 18.1875, 5.75 ],
    "to": [ 10.25, 19.6875, 7.25 ],
    "faces": {
        "down":  { "uv": [ 10, 11, 12, 13 ], "texture": "#particle", "tintindex": 0 },
        "up":    { "uv": [ 10, 11, 12, 13 ], "texture": "#particle", "tintindex": 0 },
        "north": { "uv": [ 10, 11, 12, 13 ], "texture": "#particle", "tintindex": 0 },
        "south": { "uv": [ 10, 11, 12, 13 ], "texture": "#particle", "tintindex": 0 },
        "west":  { "uv": [ 10, 11, 12, 13 ], "texture": "#particle", "tintindex": 0 },
        "east":  { "uv": [ 10, 11, 12, 13 ], "texture": "#particle", "tintindex": 0 }
    }
},
{
    "__comment": "Overlay",
    "from": [ 11.75, 9.75, 13.25 ],
    "to": [ 13.25, 11.25, 14.75 ],
    "faces": {
        "down":  { "uv": [ 10, 11, 12, 13 ], "texture": "#particle", "tintindex": 0 },
        "up":    { "uv": [ 10, 11, 12, 13 ], "texture": "#particle", "tintindex": 0 },
        "north": { "uv": [ 10, 11, 12, 13 ], "texture": "#particle", "tintindex": 0 },
        "south": { "uv": [ 10, 11, 12, 13 ], "texture": "#particle", "tintindex": 0 },
        "west":  { "uv": [ 10, 11, 12, 13 ], "texture": "#particle", "tintindex": 0 },
        "east":  { "uv": [ 10, 11, 12, 13 ], "texture": "#particle", "tintindex": 0 }
    }
},
{
    "__comment": "Overlay",
    "from": [ 14.1875, 10.5, 4.25 ],
    "to": [ 15.6875, 12, 5.75 ],
    "faces": {
        "down":  { "uv": [ 10, 11, 12, 13 ], "texture": "#particle", "tintindex": 0 },
        "up":    { "uv": [ 10, 11, 12, 13 ], "texture": "#particle", "tintindex": 0 },
        "north": { "uv": [ 10, 11, 12, 13 ], "texture": "#particle", "tintindex": 0 },
        "south": { "uv": [ 10, 11, 12, 13 ], "texture": "#particle", "tintindex": 0 },
        "west":  { "uv": [ 10, 11, 12, 13 ], "texture": "#particle", "tintindex": 0 },
        "east":  { "uv": [ 10, 11, 12, 13 ], "texture": "#particle", "tintindex": 0 }
    }
},
{
    "__comment": "Overlay",
    "from": [ 9.5, 12, 0.3125 ],
    "to": [ 11, 13.5, 1.8125 ],
    "faces": {
        "down":  { "uv": [ 10, 11, 12, 13 ], "texture": "#particle", "tintindex": 0 },
        "up":    { "uv": [ 10, 11, 12, 13 ], "texture": "#particle", "tintindex": 0 },
        "north": { "uv": [ 10, 11, 12, 13 ], "texture": "#particle", "tintindex": 0 },
        "south": { "uv": [ 10, 11, 12, 13 ], "texture": "#particle", "tintindex": 0 },
        "west":  { "uv": [ 10, 11, 12, 13 ], "texture": "#particle", "tintindex": 0 },
        "east":  { "uv": [ 10, 11, 12, 13 ], "texture": "#particle", "tintindex": 0 }
    }
},
{
    "__comment": "Overlay",
    "from": [ 1.0625, 9, 11.75 ],
    "to": [ 2.5625, 10.5, 13.25 ],
    "faces": {
        "down":  { "uv": [ 10, 11, 12, 13 ], "texture": "#particle", "tintindex": 0 },
        "up":    { "uv": [ 10, 11, 12, 13 ], "texture": "#particle", "tintindex": 0 },
        "north": { "uv": [ 10, 11, 12, 13 ], "texture": "#particle", "tintindex": 0 },
        "south": { "uv": [ 10, 11, 12, 13 ], "texture": "#particle", "tintindex": 0 },
        "west":  { "uv": [ 10, 11, 12, 13 ], "texture": "#particle", "tintindex": 0 },
        "east":  { "uv": [ 10, 11, 12, 13 ], "texture": "#particle", "tintindex": 0 }
    }
},
{
    "__comment": "Overlay",
    "from": [ 5.75, 14.25, 12.6875 ],
    "to": [ 8, 16.5, 14.1875 ],
    "faces": {
        "down":  { "uv": [ 10, 11, 12, 13 ], "texture": "#particle", "tintindex": 0 },
        "up":    { "uv": [ 10, 11, 12, 13 ], "texture": "#particle", "tintindex": 0 },
        "north": { "uv": [ 10, 11, 12, 13 ], "texture": "#particle", "tintindex": 0 },
        "south": { "uv": [ 10, 11, 12, 13 ], "texture": "#particle", "tintindex": 0 },
        "west":  { "uv": [ 10, 11, 12, 13 ], "texture": "#particle", "tintindex": 0 },
        "east":  { "uv": [ 10, 11, 12, 13 ], "texture": "#particle", "tintindex": 0 }
    }
},
{
    "__comment": "Overlay",
    "from": [ 12.6875, 15.9375, 5.75 ],
    "to": [ 14.1875, 18.1875, 8 ],
    "faces": {
        "down":  { "uv": [ 10, 11, 12, 13 ], "texture": "#particle", "tintindex": 0 },
        "up":    { "uv": [ 10, 11, 12, 13 ], "texture": "#particle", "tintindex": 0 },
        "north": { "uv": [ 10, 11, 12, 13 ], "texture": "#particle", "tintindex": 0 },
        "south": { "uv": [ 10, 11, 12, 13 ], "texture": "#particle", "tintindex": 0 },
        "west":  { "uv": [ 10, 11, 12, 13 ], "texture": "#particle", "tintindex": 0 },
        "east":  { "uv": [ 10, 11, 12, 13 ], "texture": "#particle", "tintindex": 0 }
    }
},
{
    "__comment": "Overlay",
    "from": [ 5, 6.75, 2 ],
    "to": [ 7.25, 9, 3.5 ],
    "faces": {
        "down":  { "uv": [ 10, 11, 12, 13 ], "texture": "#particle", "tintindex": 0 },
        "up":    { "uv": [ 10, 11, 12, 13 ], "texture": "#particle", "tintindex": 0 },
        "north": { "uv": [ 10, 11, 12, 13 ], "texture": "#particle", "tintindex": 0 },
        "west":  { "uv": [ 10, 11, 12, 13 ], "texture": "#particle", "tintindex": 0 },
        "east":  { "uv": [ 10, 11, 12, 13 ], "texture": "#particle", "tintindex": 0 }
    }
},
{
    "__comment": "Overlay",
    "from": [ 2.75, 14.25, 4.25 ],
    "to": [ 4.25, 16.5, 6.5 ],
    "faces": {
        "down":  { "uv": [ 10, 11, 12, 13 ], "texture": "#particle", "tintindex": 0 },
        "up":    { "uv": [ 10, 11, 12, 13 ], "texture": "#particle", "tintindex": 0 },
        "north": { "uv": [ 10, 11, 12, 13 ], "texture": "#particle", "tintindex": 0 },
        "south": { "uv": [ 10, 11, 12, 13 ], "texture": "#particle", "tintindex": 0 },
        "west":  { "uv": [ 10, 11, 12, 13 ], "texture": "#particle", "tintindex": 0 },
        "east":  { "uv": [ 10, 11, 12, 13 ], "texture": "#particle", "tintindex": 0 }
    }
},
{
    "__comment": "Overlay",
    "from": [ 6.5, 10.5, 14.1875 ],
    "to": [ 9.5, 13.5, 15.6875 ],
    "faces": {
        "down":  { "uv": [ 10, 11, 12, 13 ], "texture": "#particle", "tintindex": 0 },
        "up":    { "uv": [ 10, 11, 12, 13 ], "texture": "#particle", "tintindex": 0 },
        "north": { "uv": [ 10, 11, 12, 13 ], "texture": "#particle", "tintindex": 0 },
        "south": { "uv": [ 10, 11, 12, 13 ], "texture": "#particle", "tintindex": 0 },
        "west":  { "uv": [ 10, 11, 12, 13 ], "texture": "#particle", "tintindex": 0 },
        "east":  { "uv": [ 10, 11, 12, 13 ], "texture": "#particle", "tintindex": 0 }
    }
},
{
    "__comment": "Overlay",
    "from": [ 14.1875, 6.75, 8 ],
    "to": [ 15.6875, 9.75, 11 ],
    "faces": {
        "down":  { "uv": [ 10, 11, 12, 13 ], "texture": "#particle", "tintindex": 0 },
        "up":    { "uv": [ 10, 11, 12, 13 ], "texture": "#particle", "tintindex": 0 },
        "north": { "uv": [ 10, 11, 12, 13 ], "texture": "#particle", "tintindex": 0 },
        "south": { "uv": [ 10, 11, 12, 13 ], "texture": "#particle", "tintindex": 0 },
        "west":  { "uv": [ 10, 11, 12, 13 ], "texture": "#particle", "tintindex": 0 },
        "east":  { "uv": [ 10, 11, 12, 13 ], "texture": "#particle", "tintindex": 0 }
    }
},
{
    "__comment": "Overlay",
    "from": [ 5, 6, 0.3125 ],
    "to": [ 8, 9, 1.8125 ],
    "faces": {
        "down":  { "uv": [ 10, 11, 12, 13 ], "texture": "#particle", "tintindex": 0 },
        "up":    { "uv": [ 10, 11, 12, 13 ], "texture": "#particle", "tintindex": 0 },
        "north": { "uv": [ 10, 11, 12, 13 ], "texture": "#particle", "tintindex": 0 },
        "south": { "uv": [ 10, 11, 12, 13 ], "texture": "#particle", "tintindex": 0 },
        "west":  { "uv": [ 10, 11, 12, 13 ], "texture": "#particle", "tintindex": 0 },
        "east":  { "uv": [ 10, 11, 12, 13 ], "texture": "#particle", "tintindex": 0 }
    }
},
{
    "__comment": "Overlay",
    "from": [ 0.3125, 9.75, 4.25 ],
    "to": [ 1.8125, 12.75, 7.25 ],
    "faces": {
        "down":  { "uv": [ 10, 11, 12, 13 ], "texture": "#particle", "tintindex": 0 },
        "up":    { "uv": [ 10, 11, 12, 13 ], "texture": "#particle", "tintindex": 0 },
        "north": { "uv": [ 10, 11, 12, 13 ], "texture": "#particle", "tintindex": 0 },
        "south": { "uv": [ 10, 11, 12, 13 ], "texture": "#particle", "tintindex": 0 },
        "west":  { "uv": [ 10, 11, 12, 13 ], "texture": "#particle", "tintindex": 0 },
        "east":  { "uv": [ 10, 11, 12, 13 ], "texture": "#particle", "tintindex": 0 }
    }
},
{
    "__comment": "Egg",
    "from": [ 2, 7.5, 2 ],
    "to": [ 14, 12, 14 ],
    "faces": {
        "down":  { "uv": [ 8, 9, 10, 11 ], "rotation": 180, "texture": "#texture", "tintindex": 0 },
        "up":    { "uv": [ 8, 9, 10, 11 ], "rotation": 180, "texture": "#texture", "tintindex": 0 },
        "north": { "uv": [ 8, 9, 10, 11 ], "texture": "#texture", "tintindex": 0 },
        "south": { "uv": [ 8, 9, 10, 11 ], "texture": "#texture", "tintindex": 0 },
        "west":  { "uv": [ 8, 9, 10, 11 ], "texture": "#texture", "tintindex": 0 },
        "east":  { "uv": [ 8, 9, 10, 11 ], "texture": "#texture", "tintindex": 0 }
    }
},
{
    "__comment": "Egg",
    "from": [ 0.5, 6, 3.5 ],
    "to": [ 15.5, 13.5, 12.5 ],
    "faces": {
        "down":  { "uv": [ 8, 9, 10, 11 ], "rotation": 180, "texture": "#texture", "tintindex": 0 },
        "up":    { "uv": [ 8, 9, 10, 11 ], "rotation": 180, "texture": "#texture", "tintindex": 0 },
        "north": { "uv": [ 8, 9, 10, 11 ], "texture": "#texture", "tintindex": 0 },
        "south": { "uv": [ 8, 9, 10, 11 ], "texture": "#texture", "tintindex": 0 },
        "west":  { "uv": [ 8, 9, 10, 11 ], "texture": "#texture", "tintindex": 0 },
        "east":  { "uv": [ 8, 9, 10, 11 ], "texture": "#texture", "tintindex": 0 }
    }
},
{
    "__comment": "Egg",
    "from": [ 3.5, 6, 0.5 ],
    "to": [ 12.5, 13.5, 15.5 ],
    "faces": {
        "down":  { "uv": [ 8, 9, 10, 11 ], "rotation": 270, "texture": "#texture", "tintindex": 0 },
        "up":    { "uv": [ 8, 9, 10, 11 ], "rotation": 90, "texture": "#texture", "tintindex": 0 },
        "north": { "uv": [ 8, 9, 10, 11 ], "texture": "#texture", "tintindex": 0 },
        "south": { "uv": [ 8, 9, 10, 11 ], "texture": "#texture", "tintindex": 0 },
        "west":  { "uv": [ 8, 9, 10, 11 ], "texture": "#texture", "tintindex": 0 },
        "east":  { "uv": [ 8, 9, 10, 11 ], "texture": "#texture", "tintindex": 0 }
    }
},
{
    "__comment": "Egg",
    "from": [ 3.5, 4.5, 2 ],
    "to": [ 12.5, 15, 14 ],
    "faces": {
        "down":  { "uv": [ 8, 9, 10, 11 ], "rotation": 270, "texture": "#texture", "tintindex": 0 },
        "up":    { "uv": [ 8, 9, 10, 11 ], "rotation": 90, "texture": "#texture", "tintindex": 0 },
        "north": { "uv": [ 8, 9, 10, 11 ], "texture": "#texture", "tintindex": 0 },
        "south": { "uv": [ 8, 9, 10, 11 ], "texture": "#texture", "tintindex": 0 },
        "west":  { "uv": [ 8, 9, 10, 11 ], "texture": "#texture", "tintindex": 0 },
        "east":  { "uv": [ 8, 9, 10, 11 ], "texture": "#texture", "tintindex": 0 }
    }
},
{
    "__comment": "Egg",
    "from": [ 2, 4.5, 3.5 ],
    "to": [ 14, 15, 12.5 ],
    "faces": {
        "down":  { "uv": [ 8, 9, 10, 11 ], "texture": "#texture", "tintindex": 0 },
        "up":    { "uv": [ 8, 9, 10, 11 ], "texture": "#texture", "tintindex": 0 },
        "north": { "uv": [ 8, 9, 10, 11 ], "texture": "#texture", "tintindex": 0 },
        "south": { "uv": [ 8, 9, 10, 11 ], "texture": "#texture", "tintindex": 0 },
        "west":  { "uv": [ 8, 9, 10, 11 ], "texture": "#texture", "tintindex": 0 },
        "east":  { "uv": [ 8, 9, 10, 11 ], "texture": "#texture", "tintindex": 0 }
    }
},
{
    "__comment": "Egg",
    "from": [ 6.5, 19.5, 6.5 ],
    "to": [ 9.5, 21, 9.5 ],
    "faces": {
        "up":    { "uv": [ 8, 9, 10, 11 ], "texture": "#texture", "tintindex": 0 },
        "north": { "uv": [ 8, 9, 10, 11 ], "texture": "#texture", "tintindex": 0 },
        "south": { "uv": [ 8, 9, 10, 11 ], "texture": "#texture", "tintindex": 0 },
        "west":  { "uv": [ 8, 9, 10, 11 ], "texture": "#texture", "tintindex": 0 },
        "east":  { "uv": [ 8, 9, 10, 11 ], "texture": "#texture", "tintindex": 0 }
    }
},
{
    "__comment": "Egg",
    "from": [ 3.5, 3, 3.5 ],
    "to": [ 12.5, 18, 12.5 ],
    "faces": {
        "down":  { "uv": [ 8, 9, 10, 11 ], "texture": "#texture", "tintindex": 0 },
        "up":    { "uv": [ 8, 9, 10, 11 ], "texture": "#texture", "tintindex": 0 },
        "north": { "uv": [ 8, 9, 10, 11 ], "texture": "#texture", "tintindex": 0 },
        "south": { "uv": [ 8, 9, 10, 11 ], "texture": "#texture", "tintindex": 0 },
        "west":  { "uv": [ 8, 9, 10, 11 ], "texture": "#texture", "tintindex": 0 },
        "east":  { "uv": [ 8, 9, 10, 11 ], "texture": "#texture", "tintindex": 0 }
    }
},
{
    "__comment": "Egg",
    "from": [ 6.5, 1.5, 5 ],
    "to": [ 9.5, 3, 6.5 ],
    "faces": {
        "down":  { "uv": [ 8, 9, 10, 11 ], "texture": "#texture", "tintindex": 0 },
        "north": { "uv": [ 8, 9, 10, 11 ], "texture": "#texture", "tintindex": 0 },
        "west":  { "uv": [ 8, 9, 10, 11 ], "texture": "#texture", "tintindex": 0 },
        "east":  { "uv": [ 8, 9, 10, 11 ], "texture": "#texture", "tintindex": 0 }
    }
},
{
    "__comment": "Egg",
    "from": [ 6.5, 1.5, 9.5 ],
    "to": [ 9.5, 3, 11 ],
    "faces": {
        "down":  { "uv": [ 8, 9, 10, 11 ], "texture": "#texture", "tintindex": 0 },
        "south": { "uv": [ 8, 9, 10, 11 ], "texture": "#texture", "tintindex": 0 },
        "west":  { "uv": [ 8, 9, 10, 11 ], "texture": "#texture", "tintindex": 0 },
        "east":  { "uv": [ 8, 9, 10, 11 ], "texture": "#texture", "tintindex": 0 }
    }
},
{
    "__comment": "Egg",
    "from": [ 6.5, 18, 3.5 ],
    "to": [ 9.5, 19.5, 12.5 ],
    "faces": {
        "up":    { "uv": [ 8, 9, 10, 11 ], "texture": "#texture", "tintindex": 0 },
        "north": { "uv": [ 8, 9, 10, 11 ], "texture": "#texture", "tintindex": 0 },
        "south": { "uv": [ 8, 9, 10, 11 ], "texture": "#texture", "tintindex": 0 },
        "west":  { "uv": [ 8, 9, 10, 11 ], "texture": "#texture", "tintindex": 0 },
        "east":  { "uv": [ 8, 9, 10, 11 ], "texture": "#texture", "tintindex": 0 }
    }
},
{
    "__comment": "Egg",
    "from": [ 5, 3, 2 ],
    "to": [ 11, 18, 14 ],
    "faces": {
        "down":  { "uv": [ 8, 9, 10, 11 ], "texture": "#texture", "tintindex": 0 },
        "up":    { "uv": [ 8, 9, 10, 11 ], "texture": "#texture", "tintindex": 0 },
        "north": { "uv": [ 8, 9, 10, 11 ], "texture": "#texture", "tintindex": 0 },
        "south": { "uv": [ 8, 9, 10, 11 ], "texture": "#texture", "tintindex": 0 },
        "west":  { "uv": [ 8, 9, 10, 11 ], "texture": "#texture", "tintindex": 0 },
        "east":  { "uv": [ 8, 9, 10, 11 ], "texture": "#texture", "tintindex": 0 }
    }
},
{
    "__comment": "Egg",
    "from": [ 5, 4.5, 0.5 ],
    "to": [ 11, 15, 15.5 ],
    "faces": {
        "down":  { "uv": [ 8, 9, 10, 11 ], "texture": "#texture", "tintindex": 0 },
        "up":    { "uv": [ 8, 9, 10, 11 ], "texture": "#texture", "tintindex": 0 },
        "north": { "uv": [ 8, 9, 10, 11 ], "texture": "#texture", "tintindex": 0 },
        "south": { "uv": [ 8, 9, 10, 11 ], "texture": "#texture", "tintindex": 0 },
        "west":  { "uv": [ 8, 9, 10, 11 ], "texture": "#texture", "tintindex": 0 },
        "east":  { "uv": [ 8, 9, 10, 11 ], "texture": "#texture", "tintindex": 0 }
    }
},
{
    "__comment": "Egg",
    "from": [ 6.5, 12, 0.5 ],
    "to": [ 9.5, 15, 15.5 ],
    "faces": {
        "up":    { "uv": [ 8, 9, 10, 11 ], "texture": "#texture", "tintindex": 0 },
        "north": { "uv": [ 8, 9, 10, 11 ], "texture": "#texture", "tintindex": 0 },
        "south": { "uv": [ 8, 9, 10, 11 ], "texture": "#texture", "tintindex": 0 },
        "west":  { "uv": [ 8, 9, 10, 11 ], "texture": "#texture", "tintindex": 0 },
        "east":  { "uv": [ 8, 9, 10, 11 ], "texture": "#texture", "tintindex": 0 }
    }
},
{
    "__comment": "Egg",
    "from": [ 6.5, 7.5, -1 ],
    "to": [ 9.5, 12, 17 ],
    "faces": {
        "down":  { "uv": [ 8, 9, 10, 11 ], "texture": "#texture", "tintindex": 0 },
        "up":    { "uv": [ 8, 9, 10, 11 ], "texture": "#texture", "tintindex": 0 },
        "north": { "uv": [ 8, 9, 10, 11 ], "texture": "#texture", "tintindex": 0 },
        "south": { "uv": [ 8, 9, 10, 11 ], "texture": "#texture", "tintindex": 0 },
        "west":  { "uv": [ 8, 9, 10, 11 ], "texture": "#texture", "tintindex": 0 },
        "east":  { "uv": [ 8, 9, 10, 11 ], "texture": "#texture", "tintindex": 0 }
    }
},
{
    "__comment": "Egg",
    "from": [ 5, 18, 5 ],
    "to": [ 11, 19.5, 11 ],
    "faces": {
        "up":    { "uv": [ 8, 9, 10, 11 ], "texture": "#texture", "tintindex": 0 },
        "north": { "uv": [ 8, 9, 10, 11 ], "texture": "#texture", "tintindex": 0 },
        "south": { "uv": [ 8, 9, 10, 11 ], "texture": "#texture", "tintindex": 0 },
        "west":  { "uv": [ 8, 9, 10, 11 ], "texture": "#texture", "tintindex": 0 },
        "east":  { "uv": [ 8, 9, 10, 11 ], "texture": "#texture", "tintindex": 0 }
    }
},
{
    "__comment": "Egg",
    "from": [ 5, 1.5, 6.5 ],
    "to": [ 11, 3, 9.5 ],
    "faces": {
        "down":  { "uv": [ 8, 9, 10, 11 ], "texture": "#texture", "tintindex": 0 },
        "north": { "uv": [ 8, 9, 10, 11 ], "texture": "#texture", "tintindex": 0 },
        "south": { "uv": [ 8, 9, 10, 11 ], "texture": "#texture", "tintindex": 0 },
        "west":  { "uv": [ 8, 9, 10, 11 ], "texture": "#texture", "tintindex": 0 },
        "east":  { "uv": [ 8, 9, 10, 11 ], "texture": "#texture", "tintindex": 0 }
    }
},
{
    "__comment": "Egg",
    "from": [ 3.5, 18, 6.5 ],
    "to": [ 12.5, 19.5, 9.5 ],
    "faces": {
        "up":    { "uv": [ 8, 9, 10, 11 ], "texture": "#texture", "tintindex": 0 },
        "north": { "uv": [ 8, 9, 10, 11 ], "texture": "#texture", "tintindex": 0 },
        "south": { "uv": [ 8, 9, 10, 11 ], "texture": "#texture", "tintindex": 0 },
        "west":  { "uv": [ 8, 9, 10, 11 ], "texture": "#texture", "tintindex": 0 },
        "east":  { "uv": [ 8, 9, 10, 11 ], "texture": "#texture", "tintindex": 0 }
    }
},
{
    "__comment": "Egg",
    "from": [ 2, 3, 5 ],
    "to": [ 14, 18, 11 ],
    "faces": {
        "down":  { "uv": [ 8, 9, 10, 11 ], "texture": "#texture", "tintindex": 0 },
        "up":    { "uv": [ 8, 9, 10, 11 ], "texture": "#texture", "tintindex": 0 },
        "north": { "uv": [ 8, 9, 10, 11 ], "texture": "#texture", "tintindex": 0 },
        "south": { "uv": [ 8, 9, 10, 11 ], "texture": "#texture", "tintindex": 0 },
        "west":  { "uv": [ 8, 9, 10, 11 ], "texture": "#texture", "tintindex": 0 },
        "east":  { "uv": [ 8, 9, 10, 11 ], "texture": "#texture", "tintindex": 0 }
    }
},
{
    "__comment": "Egg",
    "from": [ 0.5, 4.5, 5 ],
    "to": [ 15.5, 15, 11 ],
    "faces": {
        "down":  { "uv": [ 8, 9, 10, 11 ], "texture": "#texture", "tintindex": 0 },
        "up":    { "uv": [ 8, 9, 10, 11 ], "texture": "#texture", "tintindex": 0 },
        "north": { "uv": [ 8, 9, 10, 11 ], "texture": "#texture", "tintindex": 0 },
        "south": { "uv": [ 8, 9, 10, 11 ], "texture": "#texture", "tintindex": 0 },
        "west":  { "uv": [ 8, 9, 10, 11 ], "texture": "#texture", "tintindex": 0 },
        "east":  { "uv": [ 8, 9, 10, 11 ], "texture": "#texture", "tintindex": 0 }
    }
},
{
    "__comment": "Egg",
    "from": [ -1, 7.5, 6.5 ],
    "to": [ 17, 12, 9.5 ],
    "faces": {
        "down":  { "uv": [ 8, 9, 10, 11 ], "texture": "#texture", "tintindex": 0 },
        "up":    { "uv": [ 8, 9, 10, 11 ], "texture": "#texture", "tintindex": 0 },
        "north": { "uv": [ 8, 9, 10, 11 ], "texture": "#texture", "tintindex": 0 },
        "south": { "uv": [ 8, 9, 10, 11 ], "texture": "#texture", "tintindex": 0 },
        "west":  { "uv": [ 8, 9, 10, 11 ], "texture": "#texture", "tintindex": 0 },
        "east":  { "uv": [ 8, 9, 10, 11 ], "texture": "#texture", "tintindex": 0 }
    }
}
],
"display": {
    "thirdperson": {
        "rotation": [ 45, 0, -180 ],
        "translation": [ 0, 1, -2 ],
        "scale": [ 0.35, 0.35, 0.35 ]
    },
    "head": {
        "rotation": [ 0, 15, 0 ],
        "translation": [ 0, 4.5, 0 ],
        "scale": [ 0.35, 0.35, 0.35 ]
    },
    "ground": {
        "rotation": [ 0, 0, 0 ],
        "translation": [ 0, 0, 0 ],
        "scale": [ 1.25, 1.25, 1.25 ]
    },
    "fixed": {
        "rotation": [ 0, 0, 0 ],
        "translation": [ 0, -2, 0 ],
        "scale": [ 1.5, 1.5, 1.5 ]
    },
    "firstperson": {
        "rotation": [ 0, 0, 0 ],
        "translation": [ 0, 0, 0 ],
        "scale": [ 0.5, 0.5, 0.5 ]
    },
    "gui": {
        "rotation": [ 0, 0, 0 ],
        "translation": [ 0, -1, 0 ],
        "scale": [ 1, 1, 1 ]
    }
}
}