{
"__comment": "Designed by Sibsib92 with BDcraft Cubik PRO 0.91 Beta - http://bdcraft.net",
"ambientocclusion": false,
"textures": {
    "texture": "blocks/planks_oak"
},
"elements": [ 
{
    "from": [ 6, 1, 5 ],
    "to": [ 10, 2, 11 ],
    "faces": {
        "up":    { "uv": [ 6, 5, 10, 11 ], "texture": "#texture" },
        "north": { "uv": [ 6, 14, 10, 15 ], "texture": "#texture" },
        "south": { "uv": [ 6, 14, 10, 15 ], "texture": "#texture" },
        "west":  { "uv": [ 5, 14, 11, 15 ], "texture": "#texture" },
        "east":  { "uv": [ 5, 14, 11, 15 ], "texture": "#texture" }
    }
},
{
    "from": [ 5, 1, 6 ],
    "to": [ 11, 2, 10 ],
    "faces": {
        "up":    { "uv": [ 5, 6, 11, 10 ], "texture": "#texture" },
        "north": { "uv": [ 5, 14, 11, 15 ], "texture": "#texture" },
        "south": { "uv": [ 5, 14, 11, 15 ], "texture": "#texture" },
        "west":  { "uv": [ 6, 14, 10, 15 ], "texture": "#texture" },
        "east":  { "uv": [ 6, 14, 10, 15 ], "texture": "#texture" }
    }
},
{
    "from": [ 5, 0, 4 ],
    "to": [ 11, 1, 12 ],
    "faces": {
        "down":  { "uv": [ 11, 12, 5, 4 ], "texture": "#texture" },
        "up":    { "uv": [ 5, 4, 11, 12 ], "texture": "#texture" },
        "north": { "uv": [ 5, 15, 11, 16 ], "texture": "#texture" },
        "south": { "uv": [ 5, 15, 11, 16 ], "texture": "#texture" },
        "west":  { "uv": [ 4, 15, 12, 16 ], "texture": "#texture" },
        "east":  { "uv": [ 4, 15, 12, 16 ], "texture": "#texture" }
    }
},
{
    "from": [ 4, 0, 5 ],
    "to": [ 12, 1, 11 ],
    "faces": {
        "down":  { "uv": [ 12, 11, 4, 5 ], "texture": "#texture" },
        "up":    { "uv": [ 4, 5, 12, 11 ], "texture": "#texture" },
        "north": { "uv": [ 4, 15, 12, 16 ], "texture": "#texture" },
        "south": { "uv": [ 4, 15, 12, 16 ], "texture": "#texture" },
        "west":  { "uv": [ 5, 15, 11, 16 ], "texture": "#texture" },
        "east":  { "uv": [ 5, 15, 11, 16 ], "texture": "#texture" }
    }
}
],
"display": {
    "thirdperson": {
        "rotation": [ -135, 0, 0 ],
        "translation": [ 0, 0.5, -3.5 ],
        "scale": [ 0.5, 0.5, 0.5 ]
    },
    "head": {
        "rotation": [ 0, 0, 0 ],
        "translation": [ 0, 7.5, 0 ],
        "scale": [ 1, 1, 1 ]
    },
    "ground": {
        "rotation": [ 0, 0, 0 ],
        "translation": [ 0, 0, 0 ],
        "scale": [ 2, 2, 2 ]
    },
    "fixed": {
        "rotation": [ -90, 0, 0 ],
        "translation": [ 0, 0, -6 ],
        "scale": [ 1.5, 1.5, 1.5 ]
    },
    "firstperson": {
        "rotation": [ 0, 45, 0 ],
        "translation": [ 0, 4.5, 0 ],
        "scale": [ 1, 1, 1 ]
    },
    "gui": {
        "rotation": [ 0, 0, 0 ],
        "translation": [ 0, 3.5, 0 ],
        "scale": [ 1.25, 1.25, 1.25 ]
    }
}
}