{
"__comment": "Designed by Sibsib92 with BDcraft Cubik PRO 0.90 Beta - http://bdcraft.net",
"ambientocclusion": false,
"textures": {
    "particle": "items/book_writable",
    "material": "blocks/quartz_block_top",
    "texture": "blocks/hardened_clay_stained_brown"
},
"elements": [ 
{
    "__comment": "Paper",
    "from": [ 2.5, 0.5, 6.5 ],
    "to": [ 13.5, 15.5, 9.5 ],
    "faces": {
        "down":  { "uv": [ 2.5, 9.5, 13.5, 6.5 ], "rotation": 180, "texture": "#material" },
        "up":    { "uv": [ 2.5, 6.5, 13.5, 9.5 ], "rotation": 180, "texture": "#material" },
        "west":  { "uv": [ 6.5, 0.5, 9.5, 15.5 ], "texture": "#material" }
    }
},
{
    "__comment": "Outside",
    "from": [ 2, 0, 9.5 ],
    "to": [ 14, 16, 10 ],
    "faces": {
        "down":  { "uv": [ 2, 6.5, 14, 6 ], "rotation": 180, "texture": "#texture" },
        "up":    { "uv": [ 2, 6, 14, 6.5 ], "rotation": 180, "texture": "#texture" },
        "north": { "uv": [ 2, 0, 14, 16 ], "texture": "#texture" },
        "south": { "uv": [ 2, 0, 14, 16 ], "texture": "#texture" },
        "west":  { "uv": [ 9.5, 0, 10, 16 ], "texture": "#texture" },
        "east":  { "uv": [ 6, 0, 6.5, 16 ], "texture": "#texture" }
    }
},
{
    "__comment": "Outside",
    "from": [ 2, 0, 6 ],
    "to": [ 14, 16, 6.5 ],
    "faces": {
        "down":  { "uv": [ 2, 10, 14, 9.5 ], "rotation": 180, "texture": "#texture" },
        "up":    { "uv": [ 2, 9.5, 14, 10 ], "rotation": 180, "texture": "#texture" },
        "north": { "uv": [ 2, 0, 14, 16 ], "texture": "#texture" },
        "south": { "uv": [ 2, 0, 14, 16 ], "texture": "#texture" },
        "west":  { "uv": [ 6, 0, 6.5, 16 ], "texture": "#texture" },
        "east":  { "uv": [ 9.5, 0, 10, 16 ], "texture": "#texture" }
    }
},
{
    "__comment": "Outside",
    "from": [ 13.5, 0, 6.5 ],
    "to": [ 14, 16, 9.5 ],
    "faces": {
        "down":  { "uv": [ 2, 9.5, 2.5, 6.5 ], "rotation": 180, "texture": "#texture" },
        "up":    { "uv": [ 2, 6.5, 2.5, 9.5 ], "rotation": 180, "texture": "#texture" },
        "west":  { "uv": [ 6.5, 0, 9.5, 16 ], "texture": "#texture" },
        "east":  { "uv": [ 6.5, 0, 9.5, 16 ], "texture": "#texture" }
    }
},
{
    "__comment": "Quill",
    "from": [ 6.5, 0.5, 5.5 ],
    "to": [ 7, 11, 6 ],
    "rotation": { "origin": [ 6.5, 11, 5.5 ], "axis": "z", "angle": 22.5 },
    "faces": {
        "down":  { "uv": [ 4, 11, 4.5, 10 ], "rotation": 180, "texture": "#material" },
        "up":    { "uv": [ 4, 10, 4.5, 11 ], "rotation": 180, "texture": "#material" },
        "north": { "uv": [ 4, 0, 4.5, 10.5 ], "texture": "#material" },
        "west":  { "uv": [ 5, 0, 6, 10.5 ], "texture": "#material" },
        "east":  { "uv": [ 10, 0, 11, 10.5 ], "texture": "#material" }
    }
},
{
    "__comment": "Quill",
    "from": [ 6, 5.5001, 5.75 ],
    "to": [ 9, 9.5, 6.25 ],
    "rotation": { "origin": [ 6, 9.5, 5.75 ], "axis": "z", "angle": 22.5 },
    "faces": {
        "down":  { "uv": [ 6, 10.375, 8.5, 9.875 ], "rotation": 180, "texture": "#material" },
        "up":    { "uv": [ 6, 9.875, 8.5, 10.375 ], "rotation": 180, "texture": "#material" },
        "north": { "uv": [ 6, 5, 8.5, 9.5 ], "texture": "#material" },
        "west":  { "uv": [ 5.625, 5, 6.125, 9.5 ], "texture": "#material" },
        "east":  { "uv": [ 9.875, 5, 10.375, 9.5 ], "texture": "#material" }
    }
},
{
    "__comment": "Quill",
    "from": [ 7.5, 3, 5.75 ],
    "to": [ 9.5, 6.5, 6.25 ],
    "rotation": { "origin": [ 7.5, 6.5, 5.75 ], "axis": "z", "angle": 22.5 },
    "faces": {
        "down":  { "uv": [ 6, 10.375, 8.5, 9.875 ], "rotation": 180, "texture": "#material" },
        "up":    { "uv": [ 6, 9.875, 8.5, 10.375 ], "rotation": 180, "texture": "#material" },
        "north": { "uv": [ 6, 5, 8.5, 9.5 ], "texture": "#material" },
        "west":  { "uv": [ 5.625, 5, 6.125, 9.5 ], "texture": "#material" },
        "east":  { "uv": [ 9.875, 5, 10.375, 9.5 ], "texture": "#material" }
    }
},
{
    "__comment": "Quill",
    "from": [ 9, 1.5, 5.75 ],
    "to": [ 10.5, 3.5, 6.25 ],
    "rotation": { "origin": [ 9, 3.5, 5.75 ], "axis": "z", "angle": 22.5 },
    "faces": {
        "down":  { "uv": [ 6, 10.375, 8.5, 9.875 ], "rotation": 180, "texture": "#material" },
        "up":    { "uv": [ 6, 9.875, 8.5, 10.375 ], "rotation": 180, "texture": "#material" },
        "north": { "uv": [ 6, 5, 8.5, 9.5 ], "texture": "#material" },
        "west":  { "uv": [ 5.625, 5, 6.125, 9.5 ], "texture": "#material" },
        "east":  { "uv": [ 9.875, 5, 10.375, 9.5 ], "texture": "#material" }
    }
},
{
    "__comment": "Quill",
    "from": [ 6, 9.5, 5.75 ],
    "to": [ 8, 10.5, 6.25 ],
    "rotation": { "origin": [ 6, 10.5, 5.75 ], "axis": "z", "angle": 22.5 },
    "faces": {
        "up":    { "uv": [ 6, 9.875, 8.5, 10.375 ], "rotation": 180, "texture": "#material" },
        "north": { "uv": [ 6, 5, 8.5, 9.5 ], "texture": "#material" },
        "west":  { "uv": [ 5.625, 5, 6.125, 9.5 ], "texture": "#material" },
        "east":  { "uv": [ 9.875, 5, 10.375, 9.5 ], "texture": "#material" }
    }
}
],
"display": {
    "thirdperson": {
        "rotation": [ 0, -90, -45 ],
        "translation": [ 0, 0, -3 ],
        "scale": [ 0.5, 0.5, 0.5 ]
    },
    "head": {
        "rotation": [ 90, 0, 20 ],
        "translation": [ 0, 4.5, 0 ],
        "scale": [ 1, 1, 1 ]
    },
    "ground": {
        "rotation": [ 90, 0, 0 ],
        "translation": [ 0, -5, 0 ],
        "scale": [ 1.5, 1.5, 1.5 ]
    },
    "fixed": {
        "rotation": [ 0, 0, 0 ],
        "translation": [ 0, 0, 0 ],
        "scale": [ 1.5, 1.5, 1.5 ]
    },
    "firstperson": {
        "rotation": [ 0, -135, 0 ],
        "translation": [ 0, 0, 0 ],
        "scale": [ 1, 1, 1 ]
    },
    "gui": {
        "rotation": [ 90, -90, 0 ],
        "translation": [ 0, 0, 0 ],
        "scale": [ 1, 1, 1 ]
    }
}
}