{
"__comment": "Designed by Sibsib92 with BDcraft Cubik PRO 0.92 Beta - http://bdcraft.net",
"ambientocclusion": false,
"textures": {
    "particle": "blocks/anvil_top_damaged_1",
    "texture": "blocks/anvil_base"
},
"elements": [ 
{
    "__comment": "Anvil",
    "from": [ 3.5, 12, 2 ],
    "to": [ 12.5, 13, 10 ],
    "faces": {
        "down":  { "uv": [ 3.5, 10, 12.5, 2 ], "texture": "#texture" },
        "up":    { "uv": [ 3.5, 2, 12.5, 10 ], "texture": "#texture" },
        "north": { "uv": [ 12.5, 3, 3.5, 4 ], "texture": "#texture" },
        "south": { "uv": [ 3.5, 3, 12.5, 4 ], "texture": "#texture" },
        "west":  { "uv": [ 2, 3, 10, 4 ], "texture": "#texture" },
        "east":  { "uv": [ 10, 3, 2, 4 ], "texture": "#texture" }
    }
},
{
    "__comment": "Anvil",
    "from": [ 3, 13, 0 ],
    "to": [ 13, 16, 7 ],
    "faces": {
        "down":  { "uv": [ 3, 7, 13, 0 ], "texture": "#texture" },
        "up":    { "uv": [ 3, 0, 13, 7 ], "texture": "#texture" },
        "north": { "uv": [ 13, 0, 3, 3 ], "texture": "#texture" },
        "south": { "uv": [ 3, 0, 13, 3 ], "texture": "#texture" },
        "west":  { "uv": [ 0, 0, 7, 3 ], "texture": "#texture" },
        "east":  { "uv": [ 7, 0, 0, 3 ], "texture": "#texture" }
    }
},
{
    "__comment": "Anvil",
    "from": [ 4, 11, 3 ],
    "to": [ 12, 12, 12 ],
    "faces": {
        "down":  { "uv": [ 4, 12, 12, 3 ], "texture": "#texture" },
        "up":    { "uv": [ 4, 3, 12, 12 ], "texture": "#texture" },
        "north": { "uv": [ 12, 4, 4, 5 ], "texture": "#texture" },
        "south": { "uv": [ 4, 4, 12, 5 ], "texture": "#texture" },
        "west":  { "uv": [ 3, 4, 12, 5 ], "texture": "#texture" },
        "east":  { "uv": [ 12, 4, 3, 5 ], "texture": "#texture" }
    }
},
{
    "__comment": "Anvil",
    "from": [ 5.5, 4, 5 ],
    "to": [ 10.5, 9, 11 ],
    "faces": {
        "north": { "uv": [ 10.5, 7, 5.5, 12 ], "texture": "#texture" },
        "south": { "uv": [ 5.5, 7, 10.5, 12 ], "texture": "#texture" },
        "west":  { "uv": [ 5, 7, 11, 12 ], "texture": "#texture" },
        "east":  { "uv": [ 11, 7, 5, 12 ], "texture": "#texture" }
    }
},
{
    "__comment": "Anvil",
    "from": [ 4.5, 3, 3 ],
    "to": [ 11.5, 4, 13 ],
    "faces": {
        "up":    { "uv": [ 4.5, 3, 11.5, 13 ], "texture": "#texture" },
        "north": { "uv": [ 11.5, 12, 4.5, 13 ], "texture": "#texture" },
        "south": { "uv": [ 4.5, 12, 11.5, 13 ], "texture": "#texture" },
        "west":  { "uv": [ 3, 12, 13, 13 ], "texture": "#texture" },
        "east":  { "uv": [ 13, 12, 3, 13 ], "texture": "#texture" }
    }
},
{
    "__comment": "Anvil",
    "from": [ 4, 2, 2 ],
    "to": [ 12, 3, 14 ],
    "faces": {
        "up":    { "uv": [ 4, 2, 12, 14 ], "texture": "#texture" },
        "north": { "uv": [ 12, 13, 4, 14 ], "texture": "#texture" },
        "south": { "uv": [ 4, 13, 12, 14 ], "texture": "#texture" },
        "west":  { "uv": [ 2, 13, 14, 14 ], "texture": "#texture" },
        "east":  { "uv": [ 14, 13, 2, 14 ], "texture": "#texture" }
    }
},
{
    "__comment": "Anvil",
    "from": [ 3.5, 1, 1 ],
    "to": [ 12.5, 2, 15 ],
    "faces": {
        "up":    { "uv": [ 3.5, 1, 12.5, 15 ], "texture": "#texture" },
        "north": { "uv": [ 12.5, 14, 3.5, 15 ], "texture": "#texture" },
        "south": { "uv": [ 3.5, 14, 12.5, 15 ], "texture": "#texture" },
        "west":  { "uv": [ 1, 14, 15, 15 ], "texture": "#texture" },
        "east":  { "uv": [ 15, 14, 1, 15 ], "texture": "#texture" }
    }
},
{
    "__comment": "Anvil",
    "from": [ 3, 0, 0 ],
    "to": [ 13, 1, 16 ],
    "faces": {
        "down":  { "uv": [ 3, 16, 13, 0 ], "texture": "#texture" },
        "up":    { "uv": [ 3, 0, 13, 16 ], "texture": "#texture" },
        "north": { "uv": [ 13, 15, 3, 16 ], "texture": "#texture" },
        "south": { "uv": [ 3, 15, 13, 16 ], "texture": "#texture" },
        "west":  { "uv": [ 0, 15, 16, 16 ], "texture": "#texture" },
        "east":  { "uv": [ 16, 15, 0, 16 ], "texture": "#texture" }
    }
},
{
    "__comment": "Anvil",
    "from": [ 4.5, 9, 4 ],
    "to": [ 11.5, 11, 12 ],
    "faces": {
        "down":  { "uv": [ 4.5, 12, 11.5, 4 ], "texture": "#texture" },
        "north": { "uv": [ 11.5, 5, 4.5, 7 ], "texture": "#texture" },
        "south": { "uv": [ 4.5, 5, 11.5, 7 ], "texture": "#texture" },
        "west":  { "uv": [ 4, 5, 12, 7 ], "texture": "#texture" },
        "east":  { "uv": [ 12, 5, 4, 7 ], "texture": "#texture" }
    }
},
{
    "__comment": "Anvil",
    "from": [ 4, 13, 7 ],
    "to": [ 13, 16, 8 ],
    "faces": {
        "down":  { "uv": [ 4, 8, 13, 7 ], "texture": "#texture" },
        "up":    { "uv": [ 4, 7, 13, 8 ], "texture": "#texture" },
        "south": { "uv": [ 4, 0, 13, 3 ], "texture": "#texture" },
        "west":  { "uv": [ 7, 0, 8, 3 ], "texture": "#texture" },
        "east":  { "uv": [ 8, 0, 7, 3 ], "texture": "#texture" }
    }
},
{
    "__comment": "Anvil",
    "from": [ 9, 13, 10 ],
    "to": [ 13, 14, 11 ],
    "faces": {
        "down":  { "uv": [ 9, 11, 13, 10 ], "texture": "#texture" },
        "up":    { "uv": [ 9, 10, 13, 11 ], "texture": "#texture" },
        "south": { "uv": [ 9, 2, 13, 3 ], "texture": "#texture" },
        "west":  { "uv": [ 10, 2, 11, 3 ], "texture": "#texture" },
        "east":  { "uv": [ 11, 2, 10, 3 ], "texture": "#texture" }
    }
},
{
    "__comment": "Anvil",
    "from": [ 6, 13, 8 ],
    "to": [ 13, 15, 9 ],
    "faces": {
        "down":  { "uv": [ 6, 9, 13, 8 ], "texture": "#texture" },
        "up":    { "uv": [ 6, 8, 13, 9 ], "texture": "#texture" },
        "south": { "uv": [ 6, 1, 13, 3 ], "texture": "#texture" },
        "west":  { "uv": [ 8, 1, 9, 3 ], "texture": "#texture" },
        "east":  { "uv": [ 9, 1, 8, 3 ], "texture": "#texture" }
    }
},
{
    "__comment": "Anvil",
    "from": [ 9, 13, 9 ],
    "to": [ 13, 15, 10 ],
    "faces": {
        "down":  { "uv": [ 9, 10, 13, 9 ], "texture": "#texture" },
        "up":    { "uv": [ 9, 9, 13, 10 ], "texture": "#texture" },
        "south": { "uv": [ 9, 1, 13, 3 ], "texture": "#texture" },
        "west":  { "uv": [ 9, 1, 10, 3 ], "texture": "#texture" },
        "east":  { "uv": [ 10, 1, 9, 3 ], "texture": "#texture" }
    }
},
{
    "__comment": "Anvil",
    "from": [ 6, 13, 9 ],
    "to": [ 9, 14, 10 ],
    "faces": {
        "up":    { "uv": [ 6, 9, 9, 10 ], "texture": "#texture" },
        "south": { "uv": [ 6, 2, 9, 3 ], "texture": "#texture" },
        "west":  { "uv": [ 9, 2, 10, 3 ], "texture": "#texture" }
    }
},
{
    "__comment": "Anvil",
    "from": [ 4, 13, 8 ],
    "to": [ 6, 14, 9 ],
    "faces": {
        "up":    { "uv": [ 4, 8, 6, 9 ], "texture": "#texture" },
        "south": { "uv": [ 4, 2, 6, 3 ], "texture": "#texture" },
        "west":  { "uv": [ 8, 2, 9, 3 ], "texture": "#texture" }
    }
},
{
    "__comment": "Anvil",
    "from": [ 3, 13, 7 ],
    "to": [ 4, 14, 8 ],
    "faces": {
        "down":  { "uv": [ 3, 8, 4, 7 ], "texture": "#texture" },
        "up":    { "uv": [ 3, 7, 4, 8 ], "texture": "#texture" },
        "south": { "uv": [ 3, 2, 4, 3 ], "texture": "#texture" },
        "west":  { "uv": [ 7, 2, 8, 3 ], "texture": "#texture" }
    }
},
{
    "__comment": "Anvil",
    "from": [ 9, 15, 8 ],
    "to": [ 11, 16, 9 ],
    "faces": {
        "up":    { "uv": [ 9, 8, 11, 9 ], "texture": "#texture" },
        "south": { "uv": [ 9, 0, 11, 1 ], "texture": "#texture" },
        "west":  { "uv": [ 8, 0, 9, 1 ], "texture": "#texture" },
        "east":  { "uv": [ 9, 0, 8, 1 ], "texture": "#texture" }
    }
},
{
    "__comment": "Anvil",
    "from": [ 5, 12, 10 ],
    "to": [ 12.5, 13, 11 ],
    "faces": {
        "down":  { "uv": [ 5, 11, 12.5, 10 ], "texture": "#texture" },
        "up":    { "uv": [ 5, 10, 12.5, 11 ], "texture": "#texture" },
        "south": { "uv": [ 5, 3, 12.5, 4 ], "texture": "#texture" },
        "west":  { "uv": [ 10, 3, 11, 4 ], "texture": "#texture" },
        "east":  { "uv": [ 11, 3, 10, 4 ], "texture": "#texture" }
    }
},
{
    "__comment": "Anvil",
    "from": [ 8, 12, 11 ],
    "to": [ 12.5, 13, 12 ],
    "faces": {
        "down":  { "uv": [ 8, 12, 12.5, 11 ], "texture": "#texture" },
        "up":    { "uv": [ 8, 11, 12.5, 12 ], "texture": "#texture" },
        "south": { "uv": [ 8, 3, 12.5, 4 ], "texture": "#texture" },
        "west":  { "uv": [ 11, 3, 12, 4 ], "texture": "#texture" },
        "east":  { "uv": [ 12, 3, 11, 4 ], "texture": "#texture" }
    }
},
{
    "__comment": "Anvil",
    "from": [ 7, 11, 12 ],
    "to": [ 12, 12, 13 ],
    "faces": {
        "down":  { "uv": [ 7, 13, 12, 12 ], "texture": "#texture" },
        "up":    { "uv": [ 7, 12, 12, 13 ], "texture": "#texture" },
        "south": { "uv": [ 7, 4, 12, 5 ], "texture": "#texture" },
        "west":  { "uv": [ 12, 4, 13, 5 ], "texture": "#texture" },
        "east":  { "uv": [ 13, 4, 12, 5 ], "texture": "#texture" }
    }
}
],
"display": {
    "head": {
        "rotation": [ 0, 90, 0 ],
        "translation": [ 0, 7.5, 0 ],
        "scale": [ 1, 1, 1 ]
    },
    "fixed": {
        "rotation": [ 0, 90, 0 ],
        "translation": [ 0, 0, 0 ],
        "scale": [ 1, 1, 1 ]
    }
}
}