{
"__comment": "Designed by Sibsib92 with BDcraft Cubik PRO 0.92 Beta - http://bdcraft.net",
"ambientocclusion": false,
"textures": {
    "particle": "blocks/anvil_top_damaged_0",
    "texture": "blocks/anvil_base"
},
"elements": [ 
{
    "__comment": "Anvil",
    "from": [ 3.5, 12, 2 ],
    "to": [ 12.5, 13, 14 ],
    "faces": {
        "down":  { "uv": [ 3.5, 14, 12.5, 2 ], "texture": "#texture" },
        "north": { "uv": [ 12.5, 3, 3.5, 4 ], "texture": "#texture" },
        "south": { "uv": [ 3.5, 3, 12.5, 4 ], "texture": "#texture" },
        "west":  { "uv": [ 2, 3, 14, 4 ], "texture": "#texture" },
        "east":  { "uv": [ 14, 3, 2, 4 ], "texture": "#texture" }
    }
},
{
    "__comment": "Anvil",
    "from": [ 3, 13, 0 ],
    "to": [ 13, 16, 16 ],
    "faces": {
        "down":  { "uv": [ 3, 16, 13, 0 ], "texture": "#texture" },
        "up":    { "uv": [ 3, 0, 13, 16 ], "texture": "#texture" },
        "north": { "uv": [ 13, 0, 3, 3 ], "texture": "#texture" },
        "south": { "uv": [ 3, 0, 13, 3 ], "texture": "#texture" },
        "west":  { "uv": [ 0, 0, 16, 3 ], "texture": "#texture" },
        "east":  { "uv": [ 16, 0, 0, 3 ], "texture": "#texture" }
    }
},
{
    "__comment": "Anvil",
    "from": [ 4, 11, 3 ],
    "to": [ 12, 12, 13 ],
    "faces": {
        "down":  { "uv": [ 4, 13, 12, 3 ], "texture": "#texture" },
        "north": { "uv": [ 12, 4, 4, 5 ], "texture": "#texture" },
        "south": { "uv": [ 4, 4, 12, 5 ], "texture": "#texture" },
        "west":  { "uv": [ 3, 4, 13, 5 ], "texture": "#texture" },
        "east":  { "uv": [ 13, 4, 3, 5 ], "texture": "#texture" }
    }
},
{
    "__comment": "Anvil",
    "from": [ 5.5, 4, 5 ],
    "to": [ 10.5, 9, 11 ],
    "faces": {
        "north": { "uv": [ 10.5, 7, 5.5, 12 ], "texture": "#texture" },
        "south": { "uv": [ 5.5, 7, 10.5, 12 ], "texture": "#texture" },
        "west":  { "uv": [ 5, 7, 11, 12 ], "texture": "#texture" },
        "east":  { "uv": [ 11, 7, 5, 12 ], "texture": "#texture" }
    }
},
{
    "__comment": "Anvil",
    "from": [ 4.5, 3, 3 ],
    "to": [ 11.5, 4, 13 ],
    "faces": {
        "up":    { "uv": [ 4.5, 3, 11.5, 13 ], "texture": "#texture" },
        "north": { "uv": [ 11.5, 12, 4.5, 13 ], "texture": "#texture" },
        "south": { "uv": [ 4.5, 12, 11.5, 13 ], "texture": "#texture" },
        "west":  { "uv": [ 3, 12, 13, 13 ], "texture": "#texture" },
        "east":  { "uv": [ 13, 12, 3, 13 ], "texture": "#texture" }
    }
},
{
    "__comment": "Anvil",
    "from": [ 4, 2, 2 ],
    "to": [ 12, 3, 14 ],
    "faces": {
        "up":    { "uv": [ 4, 2, 12, 14 ], "texture": "#texture" },
        "north": { "uv": [ 12, 13, 4, 14 ], "texture": "#texture" },
        "south": { "uv": [ 4, 13, 12, 14 ], "texture": "#texture" },
        "west":  { "uv": [ 2, 13, 14, 14 ], "texture": "#texture" },
        "east":  { "uv": [ 14, 13, 2, 14 ], "texture": "#texture" }
    }
},
{
    "__comment": "Anvil",
    "from": [ 3.5, 1, 1 ],
    "to": [ 12.5, 2, 15 ],
    "faces": {
        "up":    { "uv": [ 3.5, 1, 12.5, 15 ], "texture": "#texture" },
        "north": { "uv": [ 12.5, 14, 3.5, 15 ], "texture": "#texture" },
        "south": { "uv": [ 3.5, 14, 12.5, 15 ], "texture": "#texture" },
        "west":  { "uv": [ 1, 14, 15, 15 ], "texture": "#texture" },
        "east":  { "uv": [ 15, 14, 1, 15 ], "texture": "#texture" }
    }
},
{
    "__comment": "Anvil",
    "from": [ 3, 0, 0 ],
    "to": [ 13, 1, 16 ],
    "faces": {
        "down":  { "uv": [ 3, 16, 13, 0 ], "texture": "#texture" },
        "up":    { "uv": [ 3, 0, 13, 16 ], "texture": "#texture" },
        "north": { "uv": [ 13, 15, 3, 16 ], "texture": "#texture" },
        "south": { "uv": [ 3, 15, 13, 16 ], "texture": "#texture" },
        "west":  { "uv": [ 0, 15, 16, 16 ], "texture": "#texture" },
        "east":  { "uv": [ 16, 15, 0, 16 ], "texture": "#texture" }
    }
},
{
    "__comment": "Anvil",
    "from": [ 4.5, 9, 4 ],
    "to": [ 11.5, 11, 12 ],
    "faces": {
        "down":  { "uv": [ 4.5, 12, 11.5, 4 ], "texture": "#texture" },
        "north": { "uv": [ 11.5, 5, 4.5, 7 ], "texture": "#texture" },
        "south": { "uv": [ 4.5, 5, 11.5, 7 ], "texture": "#texture" },
        "west":  { "uv": [ 4, 5, 12, 7 ], "texture": "#texture" },
        "east":  { "uv": [ 12, 5, 4, 7 ], "texture": "#texture" }
    }
}
],
"display": {
    "head": {
        "rotation": [ 0, 90, 0 ],
        "translation": [ 0, 7.5, 0 ],
        "scale": [ 1, 1, 1 ]
    },
    "fixed": {
        "rotation": [ 0, 90, 0 ],
        "translation": [ 0, 0, 0 ],
        "scale": [ 1, 1, 1 ]
    }
}
}