{
"__comment": "Designed by Sibsib92 with BDcraft Cubik PRO 0.85 Beta - http://bdcraft.net",
"ambientocclusion": false,
"textures": {
    "particle": "blocks/iron_bars",
    "texture": "blocks/quartz_block_top",
    "obsidian": "blocks/obsidian"
},
"elements": [ 
{
    "__comment": "Obsidian",
    "from": [ 6.5, 5, 7.5 ],
    "to": [ 9.5, 5.5, 8.5 ],
    "faces": {
        "down":  { "uv": [ 6.5, 8.5, 9.5, 7.5 ], "texture": "#obsidian" },
        "up":    { "uv": [ 6.5, 7.5, 9.5, 8.5 ], "texture": "#obsidian" },
        "north": { "uv": [ 6.5, 10.5, 9.5, 11 ], "texture": "#obsidian" },
        "south": { "uv": [ 6.5, 10.5, 9.5, 11 ], "texture": "#obsidian" },
        "west":  { "uv": [ 7.5, 10.5, 8.5, 11 ], "texture": "#obsidian" },
        "east":  { "uv": [ 7.5, 10.5, 8.5, 11 ], "texture": "#obsidian" }
    }
},
{
    "__comment": "Obsidian",
    "from": [ 7, 5, 7 ],
    "to": [ 9, 5.5, 9 ],
    "faces": {
        "down":  { "uv": [ 7, 9, 9, 7 ], "texture": "#obsidian" },
        "up":    { "uv": [ 7, 7, 9, 9 ], "texture": "#obsidian" },
        "north": { "uv": [ 7, 10.5, 9, 11 ], "texture": "#obsidian" },
        "south": { "uv": [ 7, 10.5, 9, 11 ], "texture": "#obsidian" },
        "west":  { "uv": [ 7, 10.5, 9, 11 ], "texture": "#obsidian" },
        "east":  { "uv": [ 7, 10.5, 9, 11 ], "texture": "#obsidian" }
    }
},
{
    "__comment": "Obsidian",
    "from": [ 7.5, 5, 6.5 ],
    "to": [ 8.5, 5.5, 9.5 ],
    "faces": {
        "down":  { "uv": [ 7.5, 9.5, 8.5, 6.5 ], "texture": "#obsidian" },
        "up":    { "uv": [ 7.5, 6.5, 8.5, 9.5 ], "texture": "#obsidian" },
        "north": { "uv": [ 7.5, 10.5, 8.5, 11 ], "texture": "#obsidian" },
        "south": { "uv": [ 7.5, 10.5, 8.5, 11 ], "texture": "#obsidian" },
        "west":  { "uv": [ 6.5, 10.5, 9.5, 11 ], "texture": "#obsidian" },
        "east":  { "uv": [ 6.5, 10.5, 9.5, 11 ], "texture": "#obsidian" }
    }
},
{
    "__comment": "Obsidian",
    "from": [ 8.5, 5, 6.5 ],
    "to": [ 9, 5.5, 7.5 ],
    "faces": {
        "down":  { "uv": [ 8.5, 7.5, 9, 6.5 ], "texture": "#obsidian" },
        "up":    { "uv": [ 8.5, 6.5, 9, 7.5 ], "texture": "#obsidian" },
        "north": { "uv": [ 7, 10.5, 7.5, 11 ], "texture": "#obsidian" },
        "south": { "uv": [ 8.5, 10.5, 9, 11 ], "texture": "#obsidian" },
        "west":  { "uv": [ 6.5, 10.5, 7.5, 11 ], "texture": "#obsidian" },
        "east":  { "uv": [ 8.5, 10.5, 9.5, 11 ], "texture": "#obsidian" }
    }
},
{
    "__comment": "Obsidian",
    "from": [ 8.5, 3.5, 5 ],
    "to": [ 9, 5.5, 7 ],
    "rotation": { "origin": [ 8.5, 5.5, 5 ], "axis": "z", "angle": -45 },
    "faces": {
        "down":  { "uv": [ 0.5, 8, 1, 4 ], "texture": "#obsidian" },
        "up":    { "uv": [ 0.5, 4, 1, 8 ], "texture": "#obsidian" },
        "north": { "uv": [ 15, 0, 15.5, 1 ], "texture": "#obsidian" },
        "south": { "uv": [ 0.5, 0, 1, 1 ], "texture": "#obsidian" },
        "west":  { "uv": [ 4, 0, 8, 1 ], "texture": "#obsidian" },
        "east":  { "uv": [ 8, 0, 12, 1 ], "texture": "#obsidian" }
    }
},
{
    "__comment": "Skeleton Hand",
    "from": [ 5.5, 4.5, 4.5 ],
    "to": [ 6, 6.5, 5 ],
    "rotation": { "origin": [ 5.5, 6.5, 4.5 ], "axis": "z", "angle": -22.5 },
    "faces": {
        "down":  { "uv": [ 2, 6.5, 2.5, 6 ], "texture": "#texture" },
        "up":    { "uv": [ 2, 6, 2.5, 6.5 ], "texture": "#texture" },
        "north": { "uv": [ 13.5, 0, 14, 3 ], "texture": "#texture" },
        "south": { "uv": [ 2, 0, 2.5, 3 ], "texture": "#texture" },
        "west":  { "uv": [ 6, 0, 6.5, 3 ], "texture": "#texture" },
        "east":  { "uv": [ 9.5, 0, 10, 3 ], "texture": "#texture" }
    }
},
{
    "__comment": "Skeleton Hand",
    "from": [ 1.5, 4.5, 7 ],
    "to": [ 4.5, 5, 7.5 ],
    "rotation": { "origin": [ 1.5, 5, 7 ], "axis": "z", "angle": 22.5 },
    "faces": {
        "down":  { "uv": [ 1.5, 5.5, 4.5, 5 ], "texture": "#texture" },
        "up":    { "uv": [ 1.5, 5, 4.5, 5.5 ], "texture": "#texture" },
        "north": { "uv": [ 11.5, 10, 14.5, 10.5 ], "texture": "#texture" },
        "south": { "uv": [ 1.5, 10, 4.5, 10.5 ], "texture": "#texture" },
        "west":  { "uv": [ 5, 10, 5.5, 10.5 ], "texture": "#texture" },
        "east":  { "uv": [ 10.5, 10, 11, 10.5 ], "texture": "#texture" }
    }
},
{
    "__comment": "Skeleton Hand",
    "from": [ 2, 3.5, 6.25 ],
    "to": [ 5, 4, 6.75 ],
    "rotation": { "origin": [ 2, 4, 6.25 ], "axis": "z", "angle": 45 },
    "faces": {
        "down":  { "uv": [ 1.5, 5.5, 4.5, 5 ], "texture": "#texture" },
        "up":    { "uv": [ 1.5, 5, 4.5, 5.5 ], "texture": "#texture" },
        "north": { "uv": [ 11.5, 10, 14.5, 10.5 ], "texture": "#texture" },
        "south": { "uv": [ 1.5, 10, 4.5, 10.5 ], "texture": "#texture" },
        "west":  { "uv": [ 5, 10, 5.5, 10.5 ], "texture": "#texture" },
        "east":  { "uv": [ 10.5, 10, 11, 10.5 ], "texture": "#texture" }
    }
},
{
    "__comment": "Skeleton Hand",
    "from": [ 4, 3, 5.5 ],
    "to": [ 4.5, 6, 6 ],
    "rotation": { "origin": [ 4, 6, 5.5 ], "axis": "z", "angle": -22.5 },
    "faces": {
        "down":  { "uv": [ 2, 6.5, 2.5, 6 ], "texture": "#texture" },
        "up":    { "uv": [ 2, 6, 2.5, 6.5 ], "texture": "#texture" },
        "north": { "uv": [ 13.5, 0, 14, 3 ], "texture": "#texture" },
        "south": { "uv": [ 2, 0, 2.5, 3 ], "texture": "#texture" },
        "west":  { "uv": [ 6, 0, 6.5, 3 ], "texture": "#texture" },
        "east":  { "uv": [ 9.5, 0, 10, 3 ], "texture": "#texture" }
    }
},
{
    "__comment": "Skeleton Hand",
    "from": [ 2, 3.5, 4.75 ],
    "to": [ 5, 4, 5.25 ],
    "rotation": { "origin": [ 2, 4, 4.75 ], "axis": "z", "angle": 45 },
    "faces": {
        "down":  { "uv": [ 1.5, 5.5, 4.5, 5 ], "texture": "#texture" },
        "up":    { "uv": [ 1.5, 5, 4.5, 5.5 ], "texture": "#texture" },
        "north": { "uv": [ 11.5, 10, 14.5, 10.5 ], "texture": "#texture" },
        "south": { "uv": [ 1.5, 10, 4.5, 10.5 ], "texture": "#texture" },
        "west":  { "uv": [ 5, 10, 5.5, 10.5 ], "texture": "#texture" },
        "east":  { "uv": [ 10.5, 10, 11, 10.5 ], "texture": "#texture" }
    }
},
{
    "__comment": "Skeleton Hand",
    "from": [ 4, 5, 5 ],
    "to": [ 6.5, 6, 7.5 ],
    "rotation": { "origin": [ 4, 6, 5 ], "axis": "z", "angle": 22.5 },
    "faces": {
        "down":  { "uv": [ 3.5, 7.5, 6.5, 5 ], "texture": "#texture" },
        "up":    { "uv": [ 3.5, 5, 6.5, 7.5 ], "texture": "#texture" },
        "north": { "uv": [ 9.5, 9, 12.5, 10 ], "texture": "#texture" },
        "south": { "uv": [ 3.5, 9, 6.5, 10 ], "texture": "#texture" },
        "west":  { "uv": [ 5, 9, 7.5, 10 ], "texture": "#texture" },
        "east":  { "uv": [ 8.5, 9, 11, 10 ], "texture": "#texture" }
    }
},
{
    "__comment": "Skeleton Hand",
    "from": [ 6.5, 5.8125, 5.5 ],
    "to": [ 14.5, 6.8125, 6.5 ],
    "rotation": { "origin": [ 6.5, 6.8125, 5.5 ], "axis": "z", "angle": -45 },
    "faces": {
        "down":  { "uv": [ 4, 11, 5, 4.5 ], "texture": "#texture" },
        "up":    { "uv": [ 4, 4.5, 5, 11 ], "texture": "#texture" },
        "north": { "uv": [ 11, 0, 12, 1 ], "texture": "#texture" },
        "south": { "uv": [ 4, 0, 5, 1 ], "texture": "#texture" },
        "west":  { "uv": [ 4.5, 0, 11, 1 ], "texture": "#texture" },
        "east":  { "uv": [ 5, 0, 11.5, 1 ], "texture": "#texture" }
    }
},
{
    "__comment": "Vertical",
    "from": [ 7, 0, 12.5 ],
    "to": [ 9, 16, 13.5 ],
    "faces": {
        "down":  { "uv": [ 3, 4, 4, 2 ], "texture": "#particle" },
        "up":    { "uv": [ 15, 7, 16, 9 ], "texture": "#particle" },
        "north": { "uv": [ 13, 0, 12, 16 ], "texture": "#particle" },
        "south": { "uv": [ 13, 0, 14, 16 ], "texture": "#particle" },
        "west":  { "uv": [ 12, 0, 14, 16 ], "texture": "#particle" },
        "east":  { "uv": [ 14, 0, 12, 16 ], "texture": "#particle" }
    }
},
{
    "__comment": "Vertical",
    "from": [ 7, 0, 2.5 ],
    "to": [ 9, 16, 3.5 ],
    "faces": {
        "down":  { "uv": [ 3, 4, 4, 2 ], "texture": "#particle" },
        "up":    { "uv": [ 13, 11, 14, 13 ], "texture": "#particle" },
        "north": { "uv": [ 3, 0, 2, 16 ], "texture": "#particle" },
        "south": { "uv": [ 3, 0, 4, 16 ], "texture": "#particle" },
        "west":  { "uv": [ 2, 0, 4, 16 ], "texture": "#particle" },
        "east":  { "uv": [ 4, 0, 2, 16 ], "texture": "#particle" }
    }
},
{
    "__comment": "Vertical",
    "from": [ 7, 0, 7.5 ],
    "to": [ 9, 16, 8.5 ],
    "faces": {
        "down":  { "uv": [ 3, 4, 4, 2 ], "texture": "#particle" },
        "up":    { "uv": [ 15, 7, 16, 9 ], "texture": "#particle" },
        "north": { "uv": [ 8, 0, 7, 16 ], "texture": "#particle" },
        "south": { "uv": [ 8, 0, 9, 16 ], "texture": "#particle" },
        "west":  { "uv": [ 7, 0, 9, 16 ], "texture": "#particle" },
        "east":  { "uv": [ 9, 0, 7, 16 ], "texture": "#particle" }
    }
},
{
    "__comment": "Vertical",
    "from": [ 7.5, 0, 12 ],
    "to": [ 8.5, 16, 14 ],
    "faces": {
        "down":  { "uv": [ 3, 4, 4, 2 ], "texture": "#particle" },
        "up":    { "uv": [ 15, 7, 16, 9 ], "texture": "#particle" },
        "north": { "uv": [ 13, 0, 12, 16 ], "texture": "#particle" },
        "south": { "uv": [ 13, 0, 14, 16 ], "texture": "#particle" },
        "west":  { "uv": [ 12, 0, 14, 16 ], "texture": "#particle" },
        "east":  { "uv": [ 14, 0, 12, 16 ], "texture": "#particle" }
    }
},
{
    "__comment": "Vertical",
    "from": [ 7.5, 0, 2 ],
    "to": [ 8.5, 16, 4 ],
    "faces": {
        "down":  { "uv": [ 3, 4, 4, 2 ], "texture": "#particle" },
        "up":    { "uv": [ 13, 11, 14, 13 ], "texture": "#particle" },
        "north": { "uv": [ 3, 0, 2, 16 ], "texture": "#particle" },
        "south": { "uv": [ 3, 0, 4, 16 ], "texture": "#particle" },
        "west":  { "uv": [ 2, 0, 4, 16 ], "texture": "#particle" },
        "east":  { "uv": [ 4, 0, 2, 16 ], "texture": "#particle" }
    }
},
{
    "__comment": "Vertical",
    "from": [ 7.5, 0, 7 ],
    "to": [ 8.5, 16, 9 ],
    "faces": {
        "down":  { "uv": [ 3, 4, 4, 2 ], "texture": "#particle" },
        "up":    { "uv": [ 15, 7, 16, 9 ], "texture": "#particle" },
        "north": { "uv": [ 8, 0, 7, 16 ], "texture": "#particle" },
        "south": { "uv": [ 8, 0, 9, 16 ], "texture": "#particle" },
        "west":  { "uv": [ 7, 0, 9, 16 ], "texture": "#particle" },
        "east":  { "uv": [ 9, 0, 7, 16 ], "texture": "#particle" }
    }
},
{
    "__comment": "Horizontal",
    "from": [ 7.625, 12.5, 0 ],
    "to": [ 8.125, 13, 16 ],
    "rotation": { "origin": [ 7.625, 13, 0 ], "axis": "z", "angle": 45 },
    "faces": {
        "down":  { "uv": [ 8.5, 16, 9, 0 ], "texture": "#particle" },
        "up":    { "uv": [ 8.5, 0, 9, 16 ], "texture": "#particle" },
        "north": { "uv": [ 8.5, 0, 9, 0.5 ], "texture": "#particle" },
        "south": { "uv": [ 8.5, 15.5, 9, 16 ], "texture": "#particle" },
        "west":  { "uv": [ 8.5, 16, 9, 0 ], "rotation": 90, "texture": "#particle" },
        "east":  { "uv": [ 8.5, 0, 9, 16 ], "rotation": 90, "texture": "#particle" }
    }
},
{
    "__comment": "Horizontal",
    "from": [ 7, 1.6875, 0 ],
    "to": [ 8.375, 3, 16 ],
    "rotation": { "origin": [ 7, 3, 0 ], "axis": "z", "angle": 45 },
    "faces": {
        "down":  { "uv": [ 7.5, 16, 8, 0 ], "texture": "#particle" },
        "up":    { "uv": [ 7, 0, 7.5, 16 ], "texture": "#particle" },
        "north": { "uv": [ 8.5, 0, 9, 0.5 ], "texture": "#particle" },
        "south": { "uv": [ 8.5, 15.5, 9, 16 ], "texture": "#particle" },
        "west":  { "uv": [ 7, 16, 7.5, 0 ], "rotation": 90, "texture": "#particle" },
        "east":  { "uv": [ 7.5, 0, 8, 16 ], "rotation": 90, "texture": "#particle" }
    }
}
]
}