{
"__comment": "3D Models by Sibsib92 with BDcraft Cubik PRO 0.87 Beta - http://bdcraft.net",
"ambientocclusion": false,
"textures": {
    "particle": "blocks/door_dark_oak_upper",
    "texture": "blocks/cauldron_inner"
},
"elements": [ 
{
    "__comment": "Hinge",
    "from": [ -0.25, -12, -0.25 ],
    "to": [ 3.25, -10, 0.75 ],
    "faces": {
        "down":  { "uv": [ 3, 1, 0, 0 ], "texture": "#texture" },
        "up":    { "uv": [ 0, 0, 3, 1 ], "texture": "#texture" },
        "north": { "uv": [ 0, 0, 3, 2 ], "texture": "#texture" },
        "south": { "uv": [ 0, 0, 3, 2 ], "texture": "#texture" },
        "west":  { "uv": [ 0, 0, 1, 2 ], "texture": "#texture" },
        "east":  { "uv": [ 0, 0, 1, 2 ], "texture": "#texture" }
    }
},
{
    "__comment": "Hinge",
    "from": [ -0.25, -1, -0.25 ],
    "to": [ 3.25, 1, 0.75 ],
    "faces": {
        "down":  { "uv": [ 3, 1, 0, 0 ], "texture": "#texture" },
        "up":    { "uv": [ 0, 0, 3, 1 ], "texture": "#texture" },
        "north": { "uv": [ 0, 0, 3, 2 ], "texture": "#texture" },
        "south": { "uv": [ 0, 0, 3, 2 ], "texture": "#texture" },
        "west":  { "uv": [ 0, 0, 1, 2 ], "texture": "#texture" },
        "east":  { "uv": [ 0, 0, 1, 2 ], "texture": "#texture" }
    }
},
{
    "__comment": "Hinge",
    "from": [ -0.25, 10, -0.25 ],
    "to": [ 3.25, 12, 0.75 ],
    "faces": {
        "down":  { "uv": [ 3, 1, 0, 0 ], "texture": "#texture" },
        "up":    { "uv": [ 0, 0, 3, 1 ], "texture": "#texture" },
        "north": { "uv": [ 0, 0, 3, 2 ], "texture": "#texture" },
        "south": { "uv": [ 0, 0, 3, 2 ], "texture": "#texture" },
        "west":  { "uv": [ 0, 0, 1, 2 ], "texture": "#texture" },
        "east":  { "uv": [ 0, 0, 1, 2 ], "texture": "#texture" }
    }
},
{
    "__comment": "Handle",
    "from": [ -0.5, 0.25, 14.25 ],
    "to": [ 3.5, 0.75, 14.75 ],
    "faces": {
        "down":  { "uv": [ 16, 14.5, 12, 14 ], "texture": "#texture" },
        "up":    { "uv": [ 0, 14, 4, 14.5 ], "texture": "#texture" },
        "north": { "uv": [ 12, 15.25, 16, 15.75 ], "texture": "#texture" },
        "south": { "uv": [ 0, 15.25, 4, 15.75 ], "texture": "#texture" }
    }
},
{
    "__comment": "Handle",
    "from": [ -1, 0, 14 ],
    "to": [ -0.5, 1, 15 ],
    "faces": {
        "down":  { "uv": [ 16, 15, 15.5, 14 ], "texture": "#texture" },
        "up":    { "uv": [ 0, 14, 0.5, 15 ], "texture": "#texture" },
        "north": { "uv": [ 15.5, 0, 16, 1.5 ], "texture": "#texture" },
        "south": { "uv": [ 0, 0, 0.5, 1.5 ], "texture": "#texture" },
        "west":  { "uv": [ 14, 0, 15, 1.5 ], "texture": "#texture" },
        "east":  { "uv": [ 1, 0, 2, 1.5 ], "texture": "#texture" }
    }
},
{
    "__comment": "Handle",
    "from": [ 3.5, -0.5, 13.5 ],
    "to": [ 4.5, 0.5, 14.5 ],
    "faces": {
        "down":  { "uv": [ 12, 14.5, 11, 13.5 ], "texture": "#texture" },
        "up":    { "uv": [ 4, 13.5, 5, 14.5 ], "texture": "#texture" },
        "north": { "uv": [ 11, 15.5, 12, 16 ], "texture": "#texture" },
        "south": { "uv": [ 4, 15.5, 5, 16 ], "texture": "#texture" },
        "west":  { "uv": [ 13.5, 15.5, 14.5, 16 ], "texture": "#texture" },
        "east":  { "uv": [ 1.5, 15.5, 2.5, 16 ], "texture": "#texture" }
    }
},
{
    "__comment": "Handle",
    "from": [ -1.5, -0.5, 13.5 ],
    "to": [ -0.5, 0.5, 14.5 ],
    "faces": {
        "down":  { "uv": [ 16, 14.5, 15, 13.5 ], "texture": "#texture" },
        "up":    { "uv": [ 0, 13.5, 1, 14.5 ], "texture": "#texture" },
        "north": { "uv": [ 15, 15.5, 16, 16 ], "texture": "#texture" },
        "south": { "uv": [ 0, 15.5, 1, 16 ], "texture": "#texture" },
        "west":  { "uv": [ 13.5, 15.5, 14.5, 16 ], "texture": "#texture" },
        "east":  { "uv": [ 1.5, 15.5, 2.5, 16 ], "texture": "#texture" }
    }
},
{
    "__comment": "Handle",
    "from": [ 3.5, 0, 14 ],
    "to": [ 4, 1, 15 ],
    "faces": {
        "down":  { "uv": [ 16, 15, 15.5, 14 ], "texture": "#texture" },
        "up":    { "uv": [ 0, 14, 0.5, 15 ], "texture": "#texture" },
        "north": { "uv": [ 15.5, 0, 16, 2 ], "texture": "#texture" },
        "south": { "uv": [ 0, 0, 0.5, 2 ], "texture": "#texture" },
        "west":  { "uv": [ 14, 0, 15, 2 ], "texture": "#texture" },
        "east":  { "uv": [ 1, 0, 2, 2 ], "texture": "#texture" }
    }
},
{
    "__comment": "Handle",
    "from": [ 3.75, -0.5, 12.5 ],
    "to": [ 4.25, 0, 13.5 ],
    "faces": {
        "down":  { "uv": [ 12, 13.5, 11.5, 12.5 ], "texture": "#texture" },
        "up":    { "uv": [ 4, 12.5, 4.5, 13.5 ], "texture": "#texture" },
        "west":  { "uv": [ 12.5, 16, 13.5, 16 ], "texture": "#texture" },
        "east":  { "uv": [ 2.5, 16, 3.5, 16 ], "texture": "#texture" }
    }
},
{
    "__comment": "Handle",
    "from": [ -1.25, -0.5, 12.5 ],
    "to": [ -0.75, 0, 13.5 ],
    "faces": {
        "down":  { "uv": [ 16, 13.5, 15.5, 12.5 ], "texture": "#texture" },
        "up":    { "uv": [ 0, 12.5, 0.5, 13.5 ], "texture": "#texture" },
        "west":  { "uv": [ 12.5, 16, 13.5, 16 ], "texture": "#texture" },
        "east":  { "uv": [ 2.5, 16, 3.5, 16 ], "texture": "#texture" }
    }
},
{
    "__comment": "Handle",
    "from": [ 3.5, -0.5, 11.5 ],
    "to": [ 4.5, 0.5, 12.5 ],
    "faces": {
        "down":  { "uv": [ 12, 12.5, 11, 11.5 ], "texture": "#texture" },
        "up":    { "uv": [ 4, 11.5, 5, 12.5 ], "texture": "#texture" },
        "north": { "uv": [ 11, 15.5, 12, 16 ], "texture": "#texture" },
        "south": { "uv": [ 4, 15.5, 5, 16 ], "texture": "#texture" },
        "west":  { "uv": [ 11.5, 15.5, 12.5, 16 ], "texture": "#texture" },
        "east":  { "uv": [ 3.5, 15.5, 4.5, 16 ], "texture": "#texture" }
    }
},
{
    "__comment": "Handle",
    "from": [ -1.5, -0.5, 11.5 ],
    "to": [ -0.5, 0.5, 12.5 ],
    "faces": {
        "down":  { "uv": [ 16, 12.5, 15, 11.5 ], "texture": "#texture" },
        "up":    { "uv": [ 0, 11.5, 1, 12.5 ], "texture": "#texture" },
        "north": { "uv": [ 15, 15.5, 16, 16 ], "texture": "#texture" },
        "south": { "uv": [ 0, 15.5, 1, 16 ], "texture": "#texture" },
        "west":  { "uv": [ 11.5, 15.5, 12.5, 16 ], "texture": "#texture" },
        "east":  { "uv": [ 3.5, 15.5, 4.5, 16 ], "texture": "#texture" }
    }
}
]
}