{
"__comment": "Sibsib92 3D Models for Default Resourcepack",
"ambientocclusion": false,
"inventoryRender3D": false,
"textures": {
    "down": "blocks/planks_birch",
    "north": "blocks/itemframe_background",
    "particle": "blocks/itemframe_background"
},
"elements": [ 
{
    "from": [ 2, 6, 15.5 ],
    "to": [ 3, 10, 16 ],
    "__comment": "MID",
    "faces": {
        "north": { "uv": [ 3, 6, 2, 10 ], "texture": "#north" },
        "south": { "uv": [ 2, 6, 3, 10 ], "texture": "#north" }
    }
},
{
    "from": [ 13, 6, 15.5 ],
    "to": [ 14, 10, 16 ],
    "__comment": "MID",
    "faces": {
        "north": { "uv": [ 14, 6, 13, 10 ], "texture": "#north" },
        "south": { "uv": [ 13, 6, 14, 10 ], "texture": "#north" }
    }
},
{
    "from": [ 6, 13, 15.5 ],
    "to": [ 10, 14, 16 ],
    "__comment": "MID",
    "faces": {
        "north": { "uv": [ 10, 2, 6, 3 ], "texture": "#north" },
        "south": { "uv": [ 6, 2, 10, 3 ], "texture": "#north" }
    }
},
{
    "from": [ 6, 2, 15.5 ],
    "to": [ 10, 3, 16 ],
    "__comment": "MID",
    "faces": {
        "north": { "uv": [ 10, 13, 6, 14 ], "texture": "#north" },
        "south": { "uv": [ 6, 13, 10, 14 ], "texture": "#north" }
    }
},
{
    "from": [ 4, 12, 15.5 ],
    "to": [ 12, 13, 16 ],
    "__comment": "MID",
    "faces": {
        "up":    { "uv": [ 4, 15.5, 12, 16 ], "texture": "#north" },
        "north": { "uv": [ 12, 3, 4, 4 ], "texture": "#north" },
        "south": { "uv": [ 4, 3, 12, 4 ], "texture": "#north" }
    }
},
{
    "from": [ 4, 3, 15.5 ],
    "to": [ 12, 4, 16 ],
    "__comment": "MID",
    "faces": {
        "down":  { "uv": [ 4, 16, 12, 15.5 ], "texture": "#north" },
        "north": { "uv": [ 12, 12, 4, 13 ], "texture": "#north" },
        "south": { "uv": [ 4, 12, 12, 13 ], "texture": "#north" }
    }
},
{
    "from": [ 3, 4, 15.5 ],
    "to": [ 13, 12, 16 ],
    "__comment": "MID",
    "faces": {
        "down":  { "uv": [ 3, 16, 13, 15.5 ], "texture": "#north" },
        "up":    { "uv": [ 3, 15.5, 13, 16 ], "texture": "#north" },
        "north": { "uv": [ 13, 4, 3, 12 ], "texture": "#north" },
        "south": { "uv": [ 3, 4, 13, 12 ], "texture": "#north" },
        "west":  { "uv": [ 15.5, 4, 16, 12 ], "texture": "#north" },
        "east":  { "uv": [ 16, 4, 15.5, 12 ], "texture": "#north" }
    }
},
{
    "from": [ 12, 12, 15 ],
    "to": [ 13, 13, 16 ],
    "__comment": "RING",
    "faces": {
        "down":  { "uv": [ 12, 16, 13, 15 ], "texture": "#down" },
        "up":    { "uv": [ 12, 15, 13, 16 ], "texture": "#down" },
        "north": { "uv": [ 3, 3, 4, 4 ], "texture": "#down" },
        "south": { "uv": [ 12, 3, 13, 4 ], "texture": "#down" },
        "west":  { "uv": [ 15, 3, 16, 4 ], "texture": "#down" },
        "east":  { "uv": [ 0, 3, 1, 4 ], "texture": "#down" }
    }
},
{
    "from": [ 12, 3, 15 ],
    "to": [ 13, 4, 16 ],
    "__comment": "RING",
    "faces": {
        "down":  { "uv": [ 12, 16, 13, 15 ], "texture": "#down" },
        "up":    { "uv": [ 12, 15, 13, 16 ], "texture": "#down" },
        "north": { "uv": [ 3, 12, 4, 13 ], "texture": "#down" },
        "south": { "uv": [ 12, 12, 13, 13 ], "texture": "#down" },
        "west":  { "uv": [ 15, 12, 16, 13 ], "texture": "#down" },
        "east":  { "uv": [ 0, 12, 1, 13 ], "texture": "#down" }
    }
},
{
    "from": [ 3, 12, 15 ],
    "to": [ 4, 13, 16 ],
    "__comment": "RING",
    "faces": {
        "down":  { "uv": [ 3, 16, 4, 15 ], "texture": "#down" },
        "up":    { "uv": [ 3, 15, 4, 16 ], "texture": "#down" },
        "north": { "uv": [ 12, 3, 13, 4 ], "texture": "#down" },
        "south": { "uv": [ 3, 3, 4, 4 ], "texture": "#down" },
        "west":  { "uv": [ 15, 3, 16, 4 ], "texture": "#down" },
        "east":  { "uv": [ 0, 3, 1, 4 ], "texture": "#down" }
    }
},
{
    "from": [ 3, 3, 15 ],
    "to": [ 4, 4, 16 ],
    "__comment": "RING",
    "faces": {
        "down":  { "uv": [ 3, 16, 4, 15 ], "texture": "#down" },
        "up":    { "uv": [ 3, 15, 4, 16 ], "texture": "#down" },
        "north": { "uv": [ 12, 12, 13, 13 ], "texture": "#down" },
        "south": { "uv": [ 3, 12, 4, 13 ], "texture": "#down" },
        "west":  { "uv": [ 15, 12, 16, 13 ], "texture": "#down" },
        "east":  { "uv": [ 0, 12, 1, 13 ], "texture": "#down" }
    }
},
{
    "from": [ 10, 13, 15 ],
    "to": [ 12, 14, 16 ],
    "__comment": "RING",
    "faces": {
        "down":  { "uv": [ 10, 16, 12, 15 ], "texture": "#down" },
        "up":    { "uv": [ 10, 15, 12, 16 ], "texture": "#down" },
        "north": { "uv": [ 4, 2, 6, 3 ], "texture": "#down" },
        "south": { "uv": [ 10, 2, 12, 3 ], "texture": "#down" },
        "west":  { "uv": [ 15, 2, 16, 3 ], "texture": "#down" },
        "east":  { "uv": [ 0, 2, 1, 3 ], "texture": "#down" }
    }
},
{
    "from": [ 13, 4, 15 ],
    "to": [ 14, 6, 16 ],
    "__comment": "RING",
    "faces": {
        "down":  { "uv": [ 13, 16, 14, 15 ], "texture": "#down" },
        "up":    { "uv": [ 13, 15, 14, 16 ], "texture": "#down" },
        "north": { "uv": [ 2, 10, 3, 12 ], "texture": "#down" },
        "south": { "uv": [ 13, 10, 14, 12 ], "texture": "#down" },
        "west":  { "uv": [ 15, 10, 16, 12 ], "texture": "#down" },
        "east":  { "uv": [ 0, 10, 1, 12 ], "texture": "#down" }
    }
},
{
    "from": [ 2, 10, 15 ],
    "to": [ 3, 12, 16 ],
    "__comment": "RING",
    "faces": {
        "down":  { "uv": [ 2, 16, 3, 15 ], "texture": "#down" },
        "up":    { "uv": [ 2, 15, 3, 16 ], "texture": "#down" },
        "north": { "uv": [ 13, 4, 14, 6 ], "texture": "#down" },
        "south": { "uv": [ 2, 4, 3, 6 ], "texture": "#down" },
        "west":  { "uv": [ 15, 4, 16, 6 ], "texture": "#down" },
        "east":  { "uv": [ 0, 4, 1, 6 ], "texture": "#down" }
    }
},
{
    "from": [ 4, 2, 15 ],
    "to": [ 6, 3, 16 ],
    "__comment": "RING",
    "faces": {
        "down":  { "uv": [ 4, 16, 6, 15 ], "texture": "#down" },
        "up":    { "uv": [ 4, 15, 6, 16 ], "texture": "#down" },
        "north": { "uv": [ 10, 13, 12, 14 ], "texture": "#down" },
        "south": { "uv": [ 4, 13, 6, 14 ], "texture": "#down" },
        "west":  { "uv": [ 15, 13, 16, 14 ], "texture": "#down" },
        "east":  { "uv": [ 0, 13, 1, 14 ], "texture": "#down" }
    }
},
{
    "from": [ 4, 13, 15 ],
    "to": [ 6, 14, 16 ],
    "__comment": "RING",
    "faces": {
        "down":  { "uv": [ 4, 16, 6, 15 ], "texture": "#down" },
        "up":    { "uv": [ 4, 15, 6, 16 ], "texture": "#down" },
        "north": { "uv": [ 10, 2, 12, 3 ], "texture": "#down" },
        "south": { "uv": [ 4, 2, 6, 3 ], "texture": "#down" },
        "west":  { "uv": [ 15, 2, 16, 3 ], "texture": "#down" },
        "east":  { "uv": [ 0, 2, 1, 3 ], "texture": "#down" }
    }
},
{
    "from": [ 13, 10, 15 ],
    "to": [ 14, 12, 16 ],
    "__comment": "RING",
    "faces": {
        "down":  { "uv": [ 13, 16, 14, 15 ], "texture": "#down" },
        "up":    { "uv": [ 13, 15, 14, 16 ], "texture": "#down" },
        "north": { "uv": [ 2, 4, 3, 6 ], "texture": "#down" },
        "south": { "uv": [ 13, 4, 14, 6 ], "texture": "#down" },
        "west":  { "uv": [ 15, 4, 16, 6 ], "texture": "#down" },
        "east":  { "uv": [ 0, 4, 1, 6 ], "texture": "#down" }
    }
},
{
    "from": [ 2, 4, 15 ],
    "to": [ 3, 6, 16 ],
    "__comment": "RING",
    "faces": {
        "down":  { "uv": [ 2, 16, 3, 15 ], "texture": "#down" },
        "up":    { "uv": [ 2, 15, 3, 16 ], "texture": "#down" },
        "north": { "uv": [ 13, 10, 14, 12 ], "texture": "#down" },
        "south": { "uv": [ 2, 10, 3, 12 ], "texture": "#down" },
        "west":  { "uv": [ 15, 10, 16, 12 ], "texture": "#down" },
        "east":  { "uv": [ 0, 10, 1, 12 ], "texture": "#down" }
    }
},
{
    "from": [ 10, 2, 15 ],
    "to": [ 12, 3, 16 ],
    "__comment": "RING",
    "faces": {
        "down":  { "uv": [ 10, 16, 12, 15 ], "texture": "#down" },
        "up":    { "uv": [ 10, 15, 12, 16 ], "texture": "#down" },
        "north": { "uv": [ 4, 13, 6, 14 ], "texture": "#down" },
        "south": { "uv": [ 10, 13, 12, 14 ], "texture": "#down" },
        "west":  { "uv": [ 15, 13, 16, 14 ], "texture": "#down" },
        "east":  { "uv": [ 0, 13, 1, 14 ], "texture": "#down" }
    }
},
{
    "from": [ 6, 14, 15 ],
    "to": [ 10, 15, 16 ],
    "__comment": "RING",
    "faces": {
        "down":  { "uv": [ 6, 16, 10, 15 ], "texture": "#down" },
        "up":    { "uv": [ 6, 15, 10, 16 ], "texture": "#down" },
        "north": { "uv": [ 6, 1, 10, 2 ], "texture": "#down" },
        "south": { "uv": [ 6, 1, 10, 2 ], "texture": "#down" },
        "west":  { "uv": [ 15, 1, 16, 2 ], "texture": "#down" },
        "east":  { "uv": [ 0, 1, 1, 2 ], "texture": "#down" }
    }
},
{
    "from": [ 14, 6, 15 ],
    "to": [ 15, 10, 16 ],
    "__comment": "RING",
    "faces": {
        "down":  { "uv": [ 14, 16, 15, 15 ], "texture": "#down" },
        "up":    { "uv": [ 14, 15, 15, 16 ], "texture": "#down" },
        "north": { "uv": [ 1, 6, 2, 10 ], "texture": "#down" },
        "south": { "uv": [ 14, 6, 15, 10 ], "texture": "#down" },
        "west":  { "uv": [ 15, 6, 16, 10 ], "texture": "#down" },
        "east":  { "uv": [ 0, 6, 1, 10 ], "texture": "#down" }
    }
},
{
    "from": [ 1, 6, 15 ],
    "to": [ 2, 10, 16 ],
    "__comment": "RING",
    "faces": {
        "down":  { "uv": [ 1, 16, 2, 15 ], "texture": "#down" },
        "up":    { "uv": [ 1, 15, 2, 16 ], "texture": "#down" },
        "north": { "uv": [ 14, 6, 15, 10 ], "texture": "#down" },
        "south": { "uv": [ 1, 6, 2, 10 ], "texture": "#down" },
        "west":  { "uv": [ 15, 6, 16, 10 ], "texture": "#down" },
        "east":  { "uv": [ 0, 6, 1, 10 ], "texture": "#down" }
    }
},
{
    "from": [ 6, 1, 15 ],
    "to": [ 10, 2, 16 ],
    "__comment": "RING",
    "faces": {
        "down":  { "uv": [ 6, 16, 10, 15 ], "texture": "#down" },
        "up":    { "uv": [ 6, 15, 10, 16 ], "texture": "#down" },
        "north": { "uv": [ 6, 14, 10, 15 ], "texture": "#down" },
        "south": { "uv": [ 6, 14, 10, 15 ], "texture": "#down" },
        "west":  { "uv": [ 15, 14, 16, 15 ], "texture": "#down" },
        "east":  { "uv": [ 0, 14, 1, 15 ], "texture": "#down" }
    }
}
]
}