{
"__comment": "Designed by Sibsib92 with BDcraft Cubik PRO 0.92 Beta - http://bdcraft.net",
"textures": {
    "particle": "blocks/leaves_jungle",
    "yellow": "blocks/hardened_clay_stained_yellow",
    "brown": "blocks/hardened_clay_stained_brown"
},
"elements": [ 
{
    "__comment": "brown",
    "from": [ -0.5, 13.375, 3.375 ],
    "to": [ 0, 14.375, 3.875 ],
    "rotation": { "origin": [ -0.5, 14.375, 3.375 ], "axis": "x", "angle": 45 },
    "faces": {
        "down":  { "uv": [ 6, 6, 7, 7 ], "texture": "#brown" },
        "up":    { "uv": [ 6, 6, 7, 7 ], "texture": "#brown" },
        "north": { "uv": [ 6, 6, 7, 7 ], "texture": "#brown" },
        "south": { "uv": [ 6, 6, 7, 7 ], "texture": "#brown" },
        "west":  { "uv": [ 6, 6, 7, 7 ], "texture": "#brown" },
        "east":  { "uv": [ 6, 6, 7, 7 ], "texture": "#brown" }
    }
},
{
    "__comment": "yellow",
    "from": [ -0.75, 8.0625, 5.5625 ],
    "to": [ 0.25, 9.0625, 7.0625 ],
    "faces": {
        "down":  { "uv": [ 6, 6, 7, 7 ], "texture": "#yellow" },
        "up":    { "uv": [ 6, 6, 7, 7 ], "texture": "#yellow" },
        "north": { "uv": [ 6, 6, 7, 7 ], "texture": "#yellow" },
        "south": { "uv": [ 6, 6, 7, 7 ], "texture": "#yellow" },
        "west":  { "uv": [ 6, 6, 7, 7 ], "texture": "#yellow" },
        "east":  { "uv": [ 6, 6, 7, 7 ], "texture": "#yellow" }
    }
},
{
    "__comment": "yellow",
    "from": [ -1, 10.625, 1.875 ],
    "to": [ 0.5, 12.625, 3.375 ],
    "faces": {
        "up":    { "uv": [ 6, 6, 7, 7 ], "texture": "#yellow" },
        "north": { "uv": [ 6, 6, 7, 7 ], "texture": "#yellow" },
        "south": { "uv": [ 6, 6, 7, 7 ], "texture": "#yellow" },
        "west":  { "uv": [ 6, 6, 7, 7 ], "texture": "#yellow" },
        "east":  { "uv": [ 6, 6, 7, 7 ], "texture": "#yellow" }
    }
},
{
    "__comment": "yellow",
    "from": [ -0.75, 12.375, 2.5625 ],
    "to": [ 0.25, 13.875, 3.5625 ],
    "rotation": { "origin": [ -0.75, 13.875, 2.5625 ], "axis": "x", "angle": 22.5 },
    "faces": {
        "down":  { "uv": [ 6, 6, 7, 7 ], "texture": "#yellow" },
        "up":    { "uv": [ 6, 6, 7, 7 ], "texture": "#yellow" },
        "north": { "uv": [ 6, 6, 7, 7 ], "texture": "#yellow" },
        "south": { "uv": [ 6, 6, 7, 7 ], "texture": "#yellow" },
        "west":  { "uv": [ 6, 6, 7, 7 ], "texture": "#yellow" },
        "east":  { "uv": [ 6, 6, 7, 7 ], "texture": "#yellow" }
    }
},
{
    "__comment": "yellow",
    "from": [ -1, 8.5, 4.5 ],
    "to": [ 0.5, 10, 6.5 ],
    "rotation": { "origin": [ -1, 10, 4.5 ], "axis": "x", "angle": 22.5 },
    "faces": {
        "down":  { "uv": [ 6, 6, 7, 7 ], "texture": "#yellow" },
        "up":    { "uv": [ 6, 6, 7, 7 ], "texture": "#yellow" },
        "north": { "uv": [ 6, 6, 7, 7 ], "texture": "#yellow" },
        "south": { "uv": [ 6, 6, 7, 7 ], "texture": "#yellow" },
        "west":  { "uv": [ 6, 6, 7, 7 ], "texture": "#yellow" },
        "east":  { "uv": [ 6, 6, 7, 7 ], "texture": "#yellow" }
    }
},
{
    "__comment": "yellow",
    "from": [ -1, 7.625, 1.875 ],
    "to": [ 0.5, 10.625, 3.375 ],
    "rotation": { "origin": [ -1, 10.625, 1.875 ], "axis": "x", "angle": -45 },
    "faces": {
        "down":  { "uv": [ 6, 6, 7, 7 ], "texture": "#yellow" },
        "north": { "uv": [ 6, 6, 7, 7 ], "texture": "#yellow" },
        "south": { "uv": [ 6, 6, 7, 7 ], "texture": "#yellow" },
        "west":  { "uv": [ 6, 6, 7, 7 ], "texture": "#yellow" },
        "east":  { "uv": [ 6, 6, 7, 7 ], "texture": "#yellow" }
    }
},
{
    "from": [ 0, 0, 0 ],
    "to": [ 16, 16, 16 ],
    "faces": {
        "down":  { "uv": [ 16, 16, 0, 0 ], "texture": "#particle", "tintindex": 0 },
        "up":    { "uv": [ 0, 0, 16, 16 ], "texture": "#particle", "tintindex": 0 },
        "north": { "uv": [ 0, 0, 16, 16 ], "texture": "#particle", "tintindex": 0 },
        "south": { "uv": [ 0, 0, 16, 16 ], "texture": "#particle", "tintindex": 0 },
        "west":  { "uv": [ 0, 0, 16, 16 ], "texture": "#particle", "tintindex": 0 },
        "east":  { "uv": [ 0, 0, 16, 16 ], "texture": "#particle", "tintindex": 0 }
    }
}
]
}