{
"__comment": "Designed by Sibsib92 with BDcraft Cubik PRO 0.92 Beta - http://bdcraft.net",
"textures": {
    "particle": "blocks/pumpkin_face_on",
    "texture": "blocks/pumpkin_side",
    "torch": "blocks/planks_oak",
    "top": "blocks/pumpkin_top",
    "fire": "blocks/fire_layer_1"
},
"elements": [ 
{
    "__comment": "Frame",
    "from": [ 0, 1, 0 ],
    "to": [ 1, 15, 16 ],
    "faces": {
        "north": { "uv": [ 15, 1, 16, 15 ], "texture": "#texture" },
        "south": { "uv": [ 0, 1, 1, 15 ], "texture": "#texture" },
        "west":  { "uv": [ 0, 1, 16, 15 ], "texture": "#texture" },
        "east":  { "uv": [ 0, 1, 16, 15 ], "texture": "#texture" }
    }
},
{
    "__comment": "Frame",
    "from": [ 15, 1, 0 ],
    "to": [ 16, 15, 16 ],
    "faces": {
        "north": { "uv": [ 0, 1, 1, 15 ], "texture": "#texture" },
        "south": { "uv": [ 15, 1, 16, 15 ], "texture": "#texture" },
        "west":  { "uv": [ 0, 1, 16, 15 ], "texture": "#texture" },
        "east":  { "uv": [ 0, 1, 16, 15 ], "texture": "#texture" }
    }
},
{
    "__comment": "Frame",
    "from": [ 1, 1, 15 ],
    "to": [ 15, 15, 16 ],
    "faces": {
        "north": { "uv": [ 1, 1, 15, 15 ], "texture": "#texture" },
        "south": { "uv": [ 1, 1, 15, 15 ], "texture": "#texture" }
    }
},
{
    "__comment": "Frame",
    "from": [ 0, 15, 0 ],
    "to": [ 16, 16, 16 ],
    "faces": {
        "down":  { "uv": [ 0, 16, 16, 0 ], "texture": "#texture" },
        "up":    { "uv": [ 0, 0, 16, 16 ], "texture": "#top" },
        "north": { "uv": [ 0, 0, 16, 1 ], "texture": "#texture" },
        "south": { "uv": [ 0, 0, 16, 1 ], "texture": "#texture" },
        "west":  { "uv": [ 0, 0, 16, 1 ], "texture": "#texture" },
        "east":  { "uv": [ 0, 0, 16, 1 ], "texture": "#texture" }
    }
},
{
    "__comment": "Frame",
    "from": [ 0, 0, 0 ],
    "to": [ 16, 1, 16 ],
    "faces": {
        "down":  { "uv": [ 0, 16, 16, 0 ], "texture": "#texture" },
        "up":    { "uv": [ 0, 0, 16, 16 ], "texture": "#texture" },
        "north": { "uv": [ 0, 15, 16, 16 ], "texture": "#texture" },
        "south": { "uv": [ 0, 15, 16, 16 ], "texture": "#texture" },
        "west":  { "uv": [ 0, 15, 16, 16 ], "texture": "#texture" },
        "east":  { "uv": [ 0, 15, 16, 16 ], "texture": "#texture" }
    }
},
{
    "__comment": "Wood",
    "from": [ 7.75, 7, 6.6875 ],
    "to": [ 8.25, 8.5, 9.25 ],
    "faces": {
        "down":  { "uv": [ 7.75, 9.75, 8.25, 8.25 ], "texture": "#torch" },
        "north": { "uv": [ 7.75, 12, 8.25, 13.5 ], "texture": "#torch" },
        "west":  { "uv": [ 7.25, 12, 8.75, 13.5 ], "texture": "#torch" },
        "east":  { "uv": [ 7.25, 12, 8.75, 13.5 ], "texture": "#torch" }
    }
},
{
    "__comment": "Wood",
    "from": [ 6.6875, 7, 7.75 ],
    "to": [ 9.25, 8.5, 8.25 ],
    "faces": {
        "down":  { "uv": [ 7.25, 9.25, 8.75, 8.75 ], "texture": "#torch" },
        "north": { "uv": [ 7.25, 12, 8.75, 13.5 ], "texture": "#torch" },
        "west":  { "uv": [ 7.75, 12, 8.25, 13.5 ], "texture": "#torch" },
        "east":  { "uv": [ 7.75, 12, 8.25, 13.5 ], "texture": "#torch" }
    }
},
{
    "__comment": "Wood",
    "from": [ 7.5, 4, 7 ],
    "to": [ 8.5, 8, 9 ],
    "faces": {
        "down":  { "uv": [ 10, 8, 11, 6 ], "texture": "#torch" },
        "north": { "uv": [ 7.5, 8, 8.5, 12 ], "texture": "#torch" },
        "west":  { "uv": [ 7, 8, 9, 12 ], "texture": "#torch" },
        "east":  { "uv": [ 7, 8, 9, 12 ], "texture": "#torch" }
    }
},
{
    "__comment": "Wood",
    "from": [ 7, 4, 7.5 ],
    "to": [ 9, 8, 8.5 ],
    "faces": {
        "down":  { "uv": [ 10, 8, 12, 7 ], "texture": "#torch" },
        "north": { "uv": [ 7, 8, 9, 12 ], "texture": "#torch" },
        "west":  { "uv": [ 7.5, 8, 8.5, 12 ], "texture": "#torch" },
        "east":  { "uv": [ 7.5, 8, 8.5, 12 ], "texture": "#torch" }
    }
},
{
    "__comment": "Wood",
    "from": [ 7.5, 1, 7.5 ],
    "to": [ 8.5, 4, 8.5 ],
    "faces": {
        "north": { "uv": [ 7.5, 12, 8.5, 15 ], "texture": "#torch" },
        "west":  { "uv": [ 7.5, 12, 8.5, 15 ], "texture": "#torch" },
        "east":  { "uv": [ 7.5, 12, 8.5, 15 ], "texture": "#torch" }
    }
},
{
    "__comment": "Wood",
    "from": [ 7.75, 2.5, 7.25 ],
    "to": [ 8.25, 4, 8.75 ],
    "faces": {
        "down":  { "uv": [ 7.75, 9.75, 8.25, 8.25 ], "texture": "#torch" },
        "north": { "uv": [ 7.75, 12, 8.25, 13.5 ], "texture": "#torch" },
        "west":  { "uv": [ 7.25, 12, 8.75, 13.5 ], "texture": "#torch" },
        "east":  { "uv": [ 7.25, 12, 8.75, 13.5 ], "texture": "#torch" }
    }
},
{
    "__comment": "Wood",
    "from": [ 7.25, 2.5, 7.75 ],
    "to": [ 8.75, 4, 8.25 ],
    "faces": {
        "down":  { "uv": [ 7.25, 9.25, 8.75, 8.75 ], "texture": "#torch" },
        "north": { "uv": [ 7.25, 12, 8.75, 13.5 ], "texture": "#torch" },
        "west":  { "uv": [ 7.75, 12, 8.25, 13.5 ], "texture": "#torch" },
        "east":  { "uv": [ 7.75, 12, 8.25, 13.5 ], "texture": "#torch" }
    }
},
{
    "__comment": "Fire",
    "from": [ 7, 8, 7 ],
    "to": [ 9, 10, 9 ],
    "faces": {
        "down":  { "uv": [ 7, 16, 9, 14 ], "texture": "#fire" },
        "up":    { "uv": [ 7, 14, 9, 16 ], "texture": "#fire" },
        "north": { "uv": [ 7, 14, 9, 16 ], "texture": "#fire" },
        "west":  { "uv": [ 7, 14, 9, 16 ], "texture": "#fire" },
        "east":  { "uv": [ 7, 14, 9, 16 ], "texture": "#fire" }
    }
},
{
    "__comment": "Fire",
    "from": [ 6.6875, 8.5, 7.5 ],
    "to": [ 9.25, 9.5, 8.5625 ],
    "faces": {
        "down":  { "uv": [ 7, 16, 9, 14 ], "texture": "#fire" },
        "up":    { "uv": [ 7, 14, 9, 16 ], "texture": "#fire" },
        "north": { "uv": [ 7, 14, 9, 16 ], "texture": "#fire" },
        "west":  { "uv": [ 7, 14, 9, 16 ], "texture": "#fire" },
        "east":  { "uv": [ 7, 14, 9, 16 ], "texture": "#fire" }
    }
},
{
    "__comment": "Fire",
    "from": [ 7.5, 8.5, 6.6875 ],
    "to": [ 8.5, 9.5, 9.25 ],
    "faces": {
        "down":  { "uv": [ 7, 16, 9, 14 ], "texture": "#fire" },
        "up":    { "uv": [ 7, 14, 9, 16 ], "texture": "#fire" },
        "north": { "uv": [ 7, 14, 9, 16 ], "texture": "#fire" },
        "west":  { "uv": [ 7, 14, 9, 16 ], "texture": "#fire" },
        "east":  { "uv": [ 7, 14, 9, 16 ], "texture": "#fire" }
    }
},
{
    "__comment": "Fire",
    "from": [ 7.5, 9.9375, 7.5 ],
    "to": [ 8.5, 10.25, 8.5 ],
    "faces": {
        "down":  { "uv": [ 7, 8, 9, 6 ], "texture": "#fire" },
        "up":    { "uv": [ 7, 14, 9, 16 ], "texture": "#fire" },
        "north": { "uv": [ 7, 15, 9, 16 ], "texture": "#fire" },
        "west":  { "uv": [ 7, 15, 9, 16 ], "texture": "#fire" },
        "east":  { "uv": [ 7, 15, 9, 16 ], "texture": "#fire" }
    }
},
{
    "__comment": "Face",
    "from": [ 1, 13, 0 ],
    "to": [ 15, 15, 1 ],
    "faces": {
        "down":  { "uv": [ 15, 1, 1, 0 ], "texture": "#texture" },
        "north": { "uv": [ 1, 1, 15, 3 ], "texture": "#texture" }
    }
},
{
    "__comment": "Face",
    "from": [ 1, 1, 0 ],
    "to": [ 2, 13, 1 ],
    "faces": {
        "north": { "uv": [ 14, 3, 15, 15 ], "texture": "#texture" },
        "east":  { "uv": [ 15, 3, 16, 15 ], "texture": "#texture" }
    }
},
{
    "__comment": "Face",
    "from": [ 14, 1, 0 ],
    "to": [ 15, 13, 1 ],
    "faces": {
        "north": { "uv": [ 1, 3, 2, 15 ], "texture": "#texture" },
        "west":  { "uv": [ 0, 3, 1, 15 ], "texture": "#texture" }
    }
},
{
    "__comment": "Face",
    "from": [ 6, 9, 0 ],
    "to": [ 10, 13, 1 ],
    "faces": {
        "north": { "uv": [ 6, 3, 10, 7 ], "texture": "#texture" },
        "west":  { "uv": [ 0, 3, 1, 7 ], "texture": "#texture" },
        "east":  { "uv": [ 15, 3, 16, 7 ], "texture": "#texture" }
    }
},
{
    "__comment": "Face",
    "from": [ 2, 7, 0 ],
    "to": [ 14, 9, 1 ],
    "faces": {
        "down":  { "uv": [ 14, 1, 2, 0 ], "texture": "#texture" },
        "up":    { "uv": [ 2, 0, 14, 1 ], "texture": "#texture" },
        "north": { "uv": [ 2, 7, 14, 9 ], "texture": "#texture" }
    }
},
{
    "__comment": "Face",
    "from": [ 6, 1, 0 ],
    "to": [ 10, 3, 1 ],
    "faces": {
        "up":    { "uv": [ 6, 0, 10, 1 ], "texture": "#texture" },
        "north": { "uv": [ 6, 13, 10, 15 ], "texture": "#texture" },
        "west":  { "uv": [ 0, 13, 1, 15 ], "texture": "#texture" },
        "east":  { "uv": [ 15, 13, 16, 15 ], "texture": "#texture" }
    }
},
{
    "__comment": "Face",
    "from": [ 2, 1, 0 ],
    "to": [ 4, 5, 1 ],
    "faces": {
        "north": { "uv": [ 12, 11, 14, 15 ], "texture": "#texture" },
        "east":  { "uv": [ 15, 11, 16, 15 ], "texture": "#texture" }
    }
},
{
    "__comment": "Face",
    "from": [ 12, 1, 0 ],
    "to": [ 14, 5, 1 ],
    "faces": {
        "north": { "uv": [ 2, 11, 4, 15 ], "texture": "#texture" },
        "west":  { "uv": [ 0, 11, 1, 15 ], "texture": "#texture" }
    }
},
{
    "__comment": "Face",
    "from": [ 2, 5, 0 ],
    "to": [ 6, 7, 1 ],
    "faces": {
        "down":  { "uv": [ 14, 1, 10, 0 ], "texture": "#texture" },
        "north": { "uv": [ 10, 9, 14, 11 ], "texture": "#texture" },
        "east":  { "uv": [ 15, 9, 16, 11 ], "texture": "#texture" }
    }
},
{
    "__comment": "Face",
    "from": [ 10, 5, 0 ],
    "to": [ 14, 7, 1 ],
    "faces": {
        "down":  { "uv": [ 6, 1, 2, 0 ], "texture": "#texture" },
        "north": { "uv": [ 2, 9, 6, 11 ], "texture": "#texture" },
        "west":  { "uv": [ 0, 9, 1, 11 ], "texture": "#texture" }
    }
}
]
}