{
"__comment": "Designed by Sibsib92 with BDcraft Cubik PRO 0.92 Beta - http://bdcraft.net",
"ambientocclusion": false,
"textures": {
    "particle": "blocks/mob_spawner",
    "texture": "blocks/glass"
},
"elements": [ 
{
    "__comment": "Frame",
    "from": [ 0, 1, 0 ],
    "to": [ 1, 15, 1 ],
    "faces": {
        "north": { "uv": [ 1, 1, 0, 15 ], "texture": "#particle" },
        "south": { "uv": [ 0, 1, 1, 15 ], "texture": "#particle" },
        "west":  { "uv": [ 0, 1, 1, 15 ], "texture": "#particle" },
        "east":  { "uv": [ 1, 1, 0, 15 ], "texture": "#particle" }
    }
},
{
    "__comment": "Frame",
    "from": [ 15, 1, 15 ],
    "to": [ 16, 15, 16 ],
    "faces": {
        "north": { "uv": [ 0, 1, 1, 15 ], "texture": "#particle" },
        "south": { "uv": [ 1, 1, 0, 15 ], "texture": "#particle" },
        "west":  { "uv": [ 1, 1, 0, 15 ], "texture": "#particle" },
        "east":  { "uv": [ 0, 1, 1, 15 ], "texture": "#particle" }
    }
},
{
    "__comment": "Frame",
    "from": [ 0, 1, 15 ],
    "to": [ 1, 15, 16 ],
    "faces": {
        "north": { "uv": [ 15, 1, 16, 15 ], "texture": "#particle" },
        "south": { "uv": [ 16, 1, 15, 15 ], "texture": "#particle" },
        "west":  { "uv": [ 15, 1, 16, 15 ], "texture": "#particle" },
        "east":  { "uv": [ 16, 1, 15, 15 ], "texture": "#particle" }
    }
},
{
    "__comment": "Frame",
    "from": [ 15, 1, 0 ],
    "to": [ 16, 15, 1 ],
    "faces": {
        "north": { "uv": [ 16, 1, 15, 15 ], "texture": "#particle" },
        "south": { "uv": [ 15, 1, 16, 15 ], "texture": "#particle" },
        "west":  { "uv": [ 16, 1, 15, 15 ], "texture": "#particle" },
        "east":  { "uv": [ 15, 1, 16, 15 ], "texture": "#particle" }
    }
},
{
    "__comment": "Frame",
    "from": [ 15, 15, 0 ],
    "to": [ 16, 16, 16 ],
    "faces": {
        "down":  { "uv": [ 1, 16, 0, 0 ], "texture": "#particle" },
        "up":    { "uv": [ 1, 0, 0, 16 ], "texture": "#particle" },
        "north": { "uv": [ 0, 0, 1, 1 ], "texture": "#particle" },
        "south": { "uv": [ 15, 0, 16, 1 ], "texture": "#particle" },
        "west":  { "uv": [ 0, 16, 1, 0 ], "rotation": 90, "texture": "#particle" },
        "east":  { "uv": [ 0, 0, 1, 16 ], "rotation": 90, "texture": "#particle" }
    }
},
{
    "__comment": "Frame",
    "from": [ 0, 15, 0 ],
    "to": [ 1, 16, 16 ],
    "faces": {
        "down":  { "uv": [ 0, 16, 1, 0 ], "texture": "#particle" },
        "up":    { "uv": [ 0, 0, 1, 16 ], "texture": "#particle" },
        "north": { "uv": [ 15, 0, 16, 1 ], "texture": "#particle" },
        "south": { "uv": [ 0, 0, 1, 1 ], "texture": "#particle" },
        "west":  { "uv": [ 0, 16, 1, 0 ], "rotation": 90, "texture": "#particle" },
        "east":  { "uv": [ 0, 0, 1, 16 ], "rotation": 90, "texture": "#particle" }
    }
},
{
    "__comment": "Frame",
    "from": [ 1, 15, 0 ],
    "to": [ 15, 16, 1 ],
    "faces": {
        "down":  { "uv": [ 1, 1, 15, 0 ], "texture": "#particle" },
        "up":    { "uv": [ 1, 0, 15, 1 ], "texture": "#particle" },
        "north": { "uv": [ 15, 0, 1, 1 ], "texture": "#particle" },
        "south": { "uv": [ 1, 0, 15, 1 ], "texture": "#particle" }
    }
},
{
    "__comment": "Frame",
    "from": [ 1, 15, 15 ],
    "to": [ 15, 16, 16 ],
    "faces": {
        "down":  { "uv": [ 1, 0, 15, 1 ], "texture": "#particle" },
        "up":    { "uv": [ 1, 1, 15, 0 ], "texture": "#particle" },
        "north": { "uv": [ 15, 0, 1, 1 ], "texture": "#particle" },
        "south": { "uv": [ 1, 0, 15, 1 ], "texture": "#particle" }
    }
},
{
    "__comment": "Frame",
    "from": [ 15, 0, 0 ],
    "to": [ 16, 1, 16 ],
    "faces": {
        "down":  { "uv": [ 1, 16, 0, 0 ], "texture": "#particle" },
        "up":    { "uv": [ 1, 0, 0, 16 ], "texture": "#particle" },
        "north": { "uv": [ 0, 15, 1, 16 ], "texture": "#particle" },
        "south": { "uv": [ 15, 15, 16, 16 ], "texture": "#particle" },
        "west":  { "uv": [ 1, 16, 0, 0 ], "rotation": 90, "texture": "#particle" },
        "east":  { "uv": [ 1, 0, 0, 16 ], "rotation": 90, "texture": "#particle" }
    }
},
{
    "__comment": "Frame",
    "from": [ 0, 0, 0 ],
    "to": [ 1, 1, 16 ],
    "faces": {
        "down":  { "uv": [ 0, 16, 1, 0 ], "texture": "#particle" },
        "up":    { "uv": [ 0, 0, 1, 16 ], "texture": "#particle" },
        "north": { "uv": [ 1, 15, 0, 16 ], "texture": "#particle" },
        "south": { "uv": [ 0, 15, 1, 16 ], "texture": "#particle" },
        "west":  { "uv": [ 1, 16, 0, 0 ], "rotation": 90, "texture": "#particle" },
        "east":  { "uv": [ 1, 0, 0, 16 ], "rotation": 90, "texture": "#particle" }
    }
},
{
    "__comment": "Frame",
    "from": [ 1, 0, 0 ],
    "to": [ 15, 1, 1 ],
    "faces": {
        "down":  { "uv": [ 1, 1, 15, 0 ], "texture": "#particle" },
        "up":    { "uv": [ 1, 0, 15, 1 ], "texture": "#particle" },
        "north": { "uv": [ 15, 1, 1, 0 ], "texture": "#particle" },
        "south": { "uv": [ 1, 1, 15, 0 ], "texture": "#particle" }
    }
},
{
    "__comment": "Frame",
    "from": [ 1, 0, 15 ],
    "to": [ 15, 1, 16 ],
    "faces": {
        "down":  { "uv": [ 1, 0, 15, 1 ], "texture": "#particle" },
        "up":    { "uv": [ 1, 1, 15, 0 ], "texture": "#particle" },
        "north": { "uv": [ 15, 1, 1, 0 ], "texture": "#particle" },
        "south": { "uv": [ 1, 1, 15, 0 ], "texture": "#particle" }
    }
},
{
    "__comment": "Glass",
    "from": [ 0, 1, 1 ],
    "to": [ 16, 15, 15 ],
    "faces": {
        "west":  { "uv": [ 0, 0, 16, 16 ], "texture": "#texture" },
        "east":  { "uv": [ 0, 0, 16, 16 ], "texture": "#texture" }
    }
},
{
    "__comment": "Glass",
    "from": [ 1, 1, 0 ],
    "to": [ 15, 15, 16 ],
    "faces": {
        "north": { "uv": [ 0, 0, 16, 16 ], "texture": "#texture" },
        "south": { "uv": [ 0, 0, 16, 16 ], "texture": "#texture" }
    }
},
{
    "__comment": "Glass",
    "from": [ 1, 0, 1 ],
    "to": [ 15, 16, 15 ],
    "faces": {
        "down":  { "uv": [ 0, 0, 16, 16 ], "texture": "#texture" },
        "up":    { "uv": [ 0, 0, 16, 16 ], "texture": "#texture" }
    }
}
]
}