{
"__comment": "Designed by Sibsib92 with BDcraft Cubik PRO 0.76 Beta - http://bdcraft.net",
"textures": {
    "particle": "blocks/nether_brick",
    "texture": "blocks/nether_brick"
},
"elements": [ 
{
    "from": [ 5, 10, 5 ],
    "to": [ 11, 16, 11 ],
    "faces": {
        "down":  { "uv": [ 5, 11, 11, 5 ], "texture": "#texture" },
        "up":    { "uv": [ 5, 5, 11, 11 ], "texture": "#texture" },
        "north": { "uv": [ 5, 0, 11, 6 ], "texture": "#texture" },
        "south": { "uv": [ 5, 0, 11, 6 ], "texture": "#texture" },
        "west":  { "uv": [ 5, 0, 11, 6 ], "texture": "#texture" },
        "east":  { "uv": [ 5, 0, 11, 6 ], "texture": "#texture" }
    }
},
{
    "from": [ 7, 0, 7 ],
    "to": [ 9, 10, 9 ],
    "faces": {
        "down":  { "uv": [ 7, 9, 9, 7 ], "texture": "#texture" },
        "north": { "uv": [ 7, 6, 9, 16 ], "texture": "#texture" },
        "south": { "uv": [ 7, 6, 9, 16 ], "texture": "#texture" },
        "west":  { "uv": [ 7, 6, 9, 16 ], "texture": "#texture" },
        "east":  { "uv": [ 7, 6, 9, 16 ], "texture": "#texture" }
    }
}
]
}