{
"__comment": "3D Models by Sibsib92 with BDcraft Cubik PRO 0.87 Beta - http://bdcraft.net",
"ambientocclusion": false,
"textures": {
    "particle": "blocks/rail_normal",
    "texture": "blocks/planks_oak",
    "inner": "blocks/anvil_base",
    "outer": "blocks/iron_block"
},
"elements": [ 
{
    "__comment": "Wood",
    "from": [ 1, 0, 1 ],
    "to": [ 11, 1, 3 ],
    "faces": {
        "down":  { "uv": [ 1, 3, 11, 1 ], "texture": "#texture" },
        "up":    { "uv": [ 1, 1, 11, 3 ], "texture": "#texture" },
        "north": { "uv": [ 11, 1, 1, 2 ], "texture": "#texture" },
        "south": { "uv": [ 1, 2, 11, 3 ], "texture": "#texture" },
        "west":  { "uv": [ 1, 3, 2, 1 ], "rotation": 90, "texture": "#texture" },
        "east":  { "uv": [ 10, 1, 11, 3 ], "rotation": 90, "texture": "#texture" }
    }
},
{
    "__comment": "Wood",
    "from": [ 1, 0, 5 ],
    "to": [ 9, 1, 7 ],
    "faces": {
        "down":  { "uv": [ 1, 7, 9, 5 ], "texture": "#texture" },
        "up":    { "uv": [ 1, 5, 9, 7 ], "texture": "#texture" },
        "north": { "uv": [ 9, 5, 1, 6 ], "texture": "#texture" },
        "south": { "uv": [ 1, 6, 9, 7 ], "texture": "#texture" },
        "west":  { "uv": [ 1, 7, 2, 5 ], "rotation": 90, "texture": "#texture" },
        "east":  { "uv": [ 8, 5, 9, 7 ], "rotation": 90, "texture": "#texture" }
    }
},
{
    "__comment": "Wood",
    "from": [ 1, 0, 9 ],
    "to": [ 8, 1, 11 ],
    "faces": {
        "down":  { "uv": [ 1, 11, 8, 9 ], "texture": "#texture" },
        "up":    { "uv": [ 1, 9, 8, 11 ], "texture": "#texture" },
        "north": { "uv": [ 8, 9, 1, 10 ], "texture": "#texture" },
        "south": { "uv": [ 1, 10, 8, 11 ], "texture": "#texture" },
        "west":  { "uv": [ 1, 11, 2, 9 ], "rotation": 90, "texture": "#texture" },
        "east":  { "uv": [ 7, 9, 8, 11 ], "rotation": 90, "texture": "#texture" }
    }
},
{
    "__comment": "Wood",
    "from": [ 1, 0, 13 ],
    "to": [ 10, 1, 15 ],
    "faces": {
        "down":  { "uv": [ 1, 15, 10, 13 ], "texture": "#texture" },
        "up":    { "uv": [ 1, 13, 10, 15 ], "texture": "#texture" },
        "north": { "uv": [ 10, 13, 1, 14 ], "texture": "#texture" },
        "south": { "uv": [ 1, 14, 10, 15 ], "texture": "#texture" },
        "west":  { "uv": [ 1, 15, 2, 13 ], "rotation": 90, "texture": "#texture" },
        "east":  { "uv": [ 9, 13, 10, 15 ], "rotation": 90, "texture": "#texture" }
    }
},
{
    "__comment": "Inner",
    "from": [ 3, 1, 0 ],
    "to": [ 4, 2, 16 ],
    "faces": {
        "down":  { "uv": [ 1, 16, 0, 0 ], "texture": "#inner" },
        "up":    { "uv": [ 0, 0, 1, 16 ], "texture": "#inner" },
        "north": { "uv": [ 0, 0, 1, 1 ], "texture": "#inner" },
        "south": { "uv": [ 0, 15, 1, 16 ], "texture": "#inner" },
        "east":  { "uv": [ 0, 0, 1, 16 ], "rotation": 90, "texture": "#inner" }
    }
},
{
    "__comment": "Inner",
    "from": [ 12, 1, 0 ],
    "to": [ 13, 2, 16 ],
    "faces": {
        "down":  { "uv": [ 1, 16, 0, 0 ], "texture": "#inner" },
        "up":    { "uv": [ 0, 0, 1, 16 ], "texture": "#inner" },
        "north": { "uv": [ 0, 0, 1, 1 ], "texture": "#inner" },
        "south": { "uv": [ 0, 15, 1, 16 ], "texture": "#inner" },
        "west":  { "uv": [ 0, 16, 1, 0 ], "rotation": 90, "texture": "#inner" }
    }
},
{
    "__comment": "Outer",
    "from": [ 2, 1, 0 ],
    "to": [ 3, 2.5, 16 ],
    "faces": {
        "down":  { "uv": [ 16, 0, 0, 1 ], "rotation": 90, "texture": "#outer" },
        "up":    { "uv": [ 0, 0, 16, 1 ], "rotation": 90, "texture": "#outer" },
        "north": { "uv": [ 15, 0, 16, 1 ], "texture": "#outer" },
        "south": { "uv": [ 0, 0, 1, 1 ], "texture": "#outer" },
        "west":  { "uv": [ 0, 0, 16, 1 ], "texture": "#outer" },
        "east":  { "uv": [ 16, 0, 0, 1 ], "texture": "#outer" }
    }
},
{
    "__comment": "Outer",
    "from": [ 13, 1, 0 ],
    "to": [ 14, 2.5, 16 ],
    "faces": {
        "down":  { "uv": [ 16, 0, 0, 1 ], "rotation": 90, "texture": "#outer" },
        "up":    { "uv": [ 0, 0, 16, 1 ], "rotation": 90, "texture": "#outer" },
        "north": { "uv": [ 15, 0, 16, 1 ], "texture": "#outer" },
        "south": { "uv": [ 0, 0, 1, 1 ], "texture": "#outer" },
        "west":  { "uv": [ 0, 0, 16, 1 ], "texture": "#outer" },
        "east":  { "uv": [ 16, 0, 0, 1 ], "texture": "#outer" }
    }
},
{
    "__comment": "Wood",
    "from": [ 12, 0, 5 ],
    "to": [ 15, 1, 7 ],
    "faces": {
        "down":  { "uv": [ 12, 7, 15, 5 ], "texture": "#texture" },
        "up":    { "uv": [ 12, 5, 15, 7 ], "texture": "#texture" },
        "north": { "uv": [ 15, 5, 12, 6 ], "texture": "#texture" },
        "south": { "uv": [ 12, 6, 15, 7 ], "texture": "#texture" },
        "west":  { "uv": [ 12, 7, 13, 5 ], "rotation": 90, "texture": "#texture" },
        "east":  { "uv": [ 14, 5, 15, 7 ], "rotation": 90, "texture": "#texture" }
    }
},
{
    "__comment": "Wood",
    "from": [ 11, 0, 9 ],
    "to": [ 15, 1, 11 ],
    "faces": {
        "down":  { "uv": [ 11, 11, 15, 9 ], "texture": "#texture" },
        "up":    { "uv": [ 11, 9, 15, 11 ], "texture": "#texture" },
        "north": { "uv": [ 15, 9, 11, 10 ], "texture": "#texture" },
        "south": { "uv": [ 11, 10, 15, 11 ], "texture": "#texture" },
        "west":  { "uv": [ 11, 11, 12, 9 ], "rotation": 90, "texture": "#texture" },
        "east":  { "uv": [ 14, 9, 15, 11 ], "rotation": 90, "texture": "#texture" }
    }
},
{
    "__comment": "Wood",
    "from": [ 10, 0, 14 ],
    "to": [ 11, 1, 15 ],
    "faces": {
        "down":  { "uv": [ 11, 15, 10, 14 ], "texture": "#texture" },
        "up":    { "uv": [ 10, 14, 11, 15 ], "texture": "#texture" },
        "north": { "uv": [ 10, 14, 11, 15 ], "texture": "#texture" },
        "south": { "uv": [ 10, 14, 11, 15 ], "texture": "#texture" },
        "east":  { "uv": [ 10, 14, 11, 15 ], "texture": "#texture" }
    }
},
{
    "__comment": "Wood",
    "from": [ 10, 0, 10 ],
    "to": [ 11, 1, 11 ],
    "faces": {
        "down":  { "uv": [ 11, 11, 10, 10 ], "texture": "#texture" },
        "up":    { "uv": [ 10, 10, 11, 11 ], "texture": "#texture" },
        "north": { "uv": [ 10, 10, 11, 11 ], "texture": "#texture" },
        "south": { "uv": [ 10, 10, 11, 11 ], "texture": "#texture" },
        "west":  { "uv": [ 10, 10, 11, 11 ], "texture": "#texture" }
    }
},
{
    "__comment": "Wood",
    "from": [ 9, 0, 5 ],
    "to": [ 10, 1, 6 ],
    "faces": {
        "down":  { "uv": [ 10, 6, 9, 5 ], "texture": "#texture" },
        "up":    { "uv": [ 9, 5, 10, 6 ], "texture": "#texture" },
        "north": { "uv": [ 9, 5, 10, 6 ], "texture": "#texture" },
        "south": { "uv": [ 9, 5, 10, 6 ], "texture": "#texture" },
        "east":  { "uv": [ 9, 5, 10, 6 ], "texture": "#texture" }
    }
}
]
}