{
"__comment": "3D Models by Sibsib92 with BDcraft Cubik PRO 0.87 Beta - http://bdcraft.net",
"ambientocclusion": false,
"textures": {
    "particle": "blocks/door_wood_lower",
    "texture": "blocks/planks_oak"
},
"elements": [ 
{
    "__comment": "Bot",
    "from": [ 0, 0, 0 ],
    "to": [ 3, 2, 16 ],
    "faces": {
        "down":  { "uv": [ 16, 15, 0, 12 ], "rotation": 90, "texture": "#texture" },
        "up":    { "uv": [ 0, 0, 16, 3 ], "rotation": 90, "texture": "#texture" },
        "north": { "uv": [ 13, 14, 16, 16 ], "texture": "#texture" },
        "south": { "uv": [ 0, 14, 3, 16 ], "texture": "#texture" },
        "west":  { "uv": [ 0, 14, 16, 16 ], "texture": "#texture" },
        "east":  { "uv": [ 0, 14, 16, 16 ], "texture": "#texture" }
    }
},
{
    "__comment": "Bot",
    "from": [ 0, 2, 0 ],
    "to": [ 3, 16, 2 ],
    "faces": {
        "north": { "uv": [ 13, 0, 16, 14 ], "texture": "#texture" },
        "south": { "uv": [ 0, 0, 3, 14 ], "texture": "#texture" },
        "west":  { "uv": [ 0, 0, 2, 14 ], "texture": "#texture" },
        "east":  { "uv": [ 14, 0, 16, 14 ], "texture": "#texture" }
    }
},
{
    "__comment": "Bot",
    "from": [ 0, 2, 14 ],
    "to": [ 3, 16, 16 ],
    "faces": {
        "north": { "uv": [ 13, 0, 16, 14 ], "texture": "#texture" },
        "south": { "uv": [ 0, 0, 3, 14 ], "texture": "#texture" },
        "west":  { "uv": [ 14, 0, 16, 14 ], "texture": "#texture" },
        "east":  { "uv": [ 0, 0, 2, 14 ], "texture": "#texture" }
    }
},
{
    "__comment": "Bot",
    "from": [ 0, 7, 2 ],
    "to": [ 3, 8, 14 ],
    "faces": {
        "down":  { "uv": [ 2, 12, 14, 15 ], "rotation": 90, "texture": "#texture" },
        "up":    { "uv": [ 2, 0, 14, 3 ], "rotation": 90, "texture": "#texture" },
        "west":  { "uv": [ 2, 8, 14, 9 ], "texture": "#texture" },
        "east":  { "uv": [ 2, 8, 14, 9 ], "texture": "#texture" }
    }
},
{
    "__comment": "Bot",
    "from": [ 0, 13, 2 ],
    "to": [ 3, 14, 14 ],
    "faces": {
        "down":  { "uv": [ 2, 8, 14, 11 ], "rotation": 90, "texture": "#texture" },
        "up":    { "uv": [ 2, 0, 14, 3 ], "rotation": 90, "texture": "#texture" },
        "west":  { "uv": [ 2, 2, 14, 3 ], "texture": "#texture" },
        "east":  { "uv": [ 2, 2, 14, 3 ], "texture": "#texture" }
    }
},
{
    "__comment": "Bot Diag Mid",
    "from": [ 0, 2, 8 ],
    "to": [ 1.5, 16, 9.5 ],
    "rotation": { "origin": [ 0, 2, 8 ], "axis": "y", "angle": 45 },
    "faces": {
        "north": { "uv": [ 7, 0, 8, 14 ], "texture": "#texture" },
        "west":  { "uv": [ 8, 0, 9, 14 ], "texture": "#texture" }
    }
},
{
    "__comment": "Bot Diag Mid",
    "from": [ 0.875, 2, 8 ],
    "to": [ 2.375, 16, 9.5 ],
    "rotation": { "origin": [ 0.875, 2, 8 ], "axis": "y", "angle": 45 },
    "faces": {
        "south": { "uv": [ 7, 0, 8, 14 ], "texture": "#texture" },
        "east":  { "uv": [ 8, 0, 9, 14 ], "texture": "#texture" }
    }
},
{
    "__comment": "Bot",
    "from": [ 1, 2, 2 ],
    "to": [ 2, 16, 14 ],
    "faces": {
        "west":  { "uv": [ 2, 0, 14, 14 ], "texture": "#texture" },
        "east":  { "uv": [ 2, 0, 14, 14 ], "texture": "#texture" }
    }
},
{
    "__comment": "Top",
    "from": [ 0, 30, 0 ],
    "to": [ 3, 32, 16 ],
    "faces": {
        "down":  { "uv": [ 16, 15, 0, 12 ], "rotation": 90, "texture": "#texture" },
        "up":    { "uv": [ 0, 0, 16, 3 ], "rotation": 90, "texture": "#texture" },
        "north": { "uv": [ 13, 0, 16, 2 ], "texture": "#texture" },
        "south": { "uv": [ 0, 0, 3, 2 ], "texture": "#texture" },
        "west":  { "uv": [ 0, 0, 16, 2 ], "texture": "#texture" },
        "east":  { "uv": [ 0, 0, 16, 2 ], "texture": "#texture" }
    }
},
{
    "__comment": "Top",
    "from": [ 0, 19, 2 ],
    "to": [ 3, 20, 14 ],
    "faces": {
        "down":  { "uv": [ 2, 15, 14, 12 ], "rotation": 90, "texture": "#texture" },
        "up":    { "uv": [ 2, 0, 14, 3 ], "rotation": 90, "texture": "#texture" },
        "west":  { "uv": [ 2, 12, 14, 13 ], "texture": "#texture" },
        "east":  { "uv": [ 2, 12, 14, 13 ], "texture": "#texture" }
    }
},
{
    "__comment": "Top",
    "from": [ 1, 29, 2 ],
    "to": [ 2, 30, 14 ],
    "faces": {
        "down":  { "uv": [ 2, 3, 14, 2 ], "rotation": 90, "texture": "#texture" },
        "west":  { "uv": [ 2, 2, 14, 3 ], "texture": "#texture" },
        "east":  { "uv": [ 2, 2, 14, 3 ], "texture": "#texture" }
    }
},
{
    "__comment": "Top",
    "from": [ 1, 20, 2 ],
    "to": [ 2, 21, 14 ],
    "faces": {
        "up":    { "uv": [ 2, 3, 14, 4 ], "rotation": 90, "texture": "#texture" },
        "west":  { "uv": [ 2, 11, 14, 12 ], "texture": "#texture" },
        "east":  { "uv": [ 2, 11, 14, 12 ], "texture": "#texture" }
    }
},
{
    "__comment": "Top",
    "from": [ 1, 21, 13 ],
    "to": [ 2, 29, 14 ],
    "faces": {
        "north": { "uv": [ 14, 3, 15, 11 ], "texture": "#texture" },
        "west":  { "uv": [ 13, 3, 14, 11 ], "texture": "#texture" },
        "east":  { "uv": [ 2, 3, 3, 11 ], "texture": "#texture" }
    }
},
{
    "__comment": "Top",
    "from": [ 1, 21, 2 ],
    "to": [ 2, 29, 3 ],
    "faces": {
        "south": { "uv": [ 1, 3, 2, 11 ], "texture": "#texture" },
        "west":  { "uv": [ 2, 3, 3, 11 ], "texture": "#texture" },
        "east":  { "uv": [ 13, 3, 14, 11 ], "texture": "#texture" }
    }
},
{
    "__comment": "Top",
    "from": [ 0, 16, 0 ],
    "to": [ 3, 30, 2 ],
    "faces": {
        "north": { "uv": [ 13, 2, 16, 16 ], "texture": "#texture" },
        "south": { "uv": [ 0, 2, 3, 16 ], "texture": "#texture" },
        "west":  { "uv": [ 0, 2, 2, 16 ], "texture": "#texture" },
        "east":  { "uv": [ 14, 2, 16, 16 ], "texture": "#texture" }
    }
},
{
    "__comment": "Top",
    "from": [ 0, 16, 14 ],
    "to": [ 3, 30, 16 ],
    "faces": {
        "north": { "uv": [ 13, 2, 16, 16 ], "texture": "#texture" },
        "south": { "uv": [ 0, 2, 3, 16 ], "texture": "#texture" },
        "west":  { "uv": [ 14, 2, 16, 16 ], "texture": "#texture" },
        "east":  { "uv": [ 0, 2, 2, 16 ], "texture": "#texture" }
    }
},
{
    "__comment": "Top",
    "from": [ 1, 16, 2 ],
    "to": [ 2, 19, 14 ],
    "faces": {
        "west":  { "uv": [ 2, 13, 14, 16 ], "texture": "#texture" },
        "east":  { "uv": [ 2, 13, 14, 16 ], "texture": "#texture" }
    }
},
{
    "__comment": "Top",
    "from": [ 0, 16, 8 ],
    "to": [ 1.5, 19, 9.5 ],
    "rotation": { "origin": [ 0, 16, 8 ], "axis": "y", "angle": 45 },
    "faces": {
        "north": { "uv": [ 7, 13, 8, 16 ], "texture": "#texture" },
        "west":  { "uv": [ 8, 13, 9, 16 ], "texture": "#texture" }
    }
},
{
    "__comment": "Top",
    "from": [ 0.875, 16, 8 ],
    "to": [ 2.375, 19, 9.5 ],
    "rotation": { "origin": [ 0.875, 16, 8 ], "axis": "y", "angle": 45 },
    "faces": {
        "south": { "uv": [ 7, 13, 8, 16 ], "texture": "#texture" },
        "east":  { "uv": [ 8, 13, 9, 16 ], "texture": "#texture" }
    }
},
{
    "__comment": "Top Diag Cross",
    "from": [ 0.375, 20, 8 ],
    "to": [ 1.875, 30, 9.5 ],
    "rotation": { "origin": [ 0.375, 20, 8 ], "axis": "y", "angle": 45 },
    "faces": {
        "north": { "uv": [ 7, 2, 8, 12 ], "texture": "#texture" },
        "south": { "uv": [ 7, 2, 8, 12 ], "texture": "#texture" },
        "west":  { "uv": [ 8, 2, 9, 12 ], "texture": "#texture" },
        "east":  { "uv": [ 8, 2, 9, 12 ], "texture": "#texture" }
    }
},
{
    "__comment": "Top Diag Cross",
    "from": [ 1.5, 24.5625, 2 ],
    "to": [ 3, 26.0625, 14 ],
    "rotation": { "origin": [ 1.5, 26.0625, 2 ], "axis": "z", "angle": -45 },
    "faces": {
        "down":  { "uv": [ 2, 8, 14, 7 ], "rotation": 90, "texture": "#texture" },
        "up":    { "uv": [ 2, 6, 14, 7 ], "rotation": 90, "texture": "#texture" },
        "west":  { "uv": [ 2, 6, 14, 7 ], "texture": "#texture" },
        "east":  { "uv": [ 2, 7, 14, 8 ], "texture": "#texture" }
    }
},
{
    "__comment": "Bot Diag Vert",
    "from": [ 0, 2, 14 ],
    "to": [ 1.5, 16, 15.5 ],
    "rotation": { "origin": [ 0, 2, 14 ], "axis": "y", "angle": 45 },
    "faces": {
        "north": { "uv": [ 13, 0, 14, 14 ], "texture": "#texture" }
    }
},
{
    "__comment": "Bot Diag Vert",
    "from": [ 0.875, 2, 14 ],
    "to": [ 2.375, 16, 15.5 ],
    "rotation": { "origin": [ 0.875, 2, 14 ], "axis": "y", "angle": 45 },
    "faces": {
        "east":  { "uv": [ 2, 0, 3, 14 ], "texture": "#texture" }
    }
},
{
    "__comment": "Bot Diag Vert",
    "from": [ 0, 2, 2 ],
    "to": [ 1.5, 16, 3.5 ],
    "rotation": { "origin": [ 0, 2, 2 ], "axis": "y", "angle": 45 },
    "faces": {
        "west":  { "uv": [ 2, 0, 3, 14 ], "texture": "#texture" }
    }
},
{
    "__comment": "Bot Diag Vert",
    "from": [ 0.875, 2, 2 ],
    "to": [ 2.375, 16, 3.5 ],
    "rotation": { "origin": [ 0.875, 2, 2 ], "axis": "y", "angle": 45 },
    "faces": {
        "south": { "uv": [ 13, 0, 14, 14 ], "texture": "#texture" }
    }
},
{
    "__comment": "Top Diag Vert",
    "from": [ 0, 16, 14 ],
    "to": [ 1.5, 30, 15.5 ],
    "rotation": { "origin": [ 0, 16, 14 ], "axis": "y", "angle": 45 },
    "faces": {
        "north": { "uv": [ 13, 2, 14, 16 ], "texture": "#texture" }
    }
},
{
    "__comment": "Top Diag Vert",
    "from": [ 0.875, 16, 14 ],
    "to": [ 2.375, 30, 15.5 ],
    "rotation": { "origin": [ 0.875, 16, 14 ], "axis": "y", "angle": 45 },
    "faces": {
        "east":  { "uv": [ 2, 2, 3, 16 ], "texture": "#texture" }
    }
},
{
    "__comment": "Top Diag Vert",
    "from": [ 0, 16, 2 ],
    "to": [ 1.5, 30, 3.5 ],
    "rotation": { "origin": [ 0, 16, 2 ], "axis": "y", "angle": 45 },
    "faces": {
        "west":  { "uv": [ 2, 2, 3, 16 ], "texture": "#texture" }
    }
},
{
    "__comment": "Top Diag Vert",
    "from": [ 0.875, 16, 2 ],
    "to": [ 2.375, 30, 3.5 ],
    "rotation": { "origin": [ 0.875, 16, 2 ], "axis": "y", "angle": 45 },
    "faces": {
        "south": { "uv": [ 13, 2, 14, 16 ], "texture": "#texture" }
    }
},
{
    "__comment": "Top Diag Horiz",
    "from": [ 0, 0.5, 2 ],
    "to": [ 1.5, 2, 14 ],
    "rotation": { "origin": [ 0, 2, 2 ], "axis": "z", "angle": 45 },
    "faces": {
        "up":    { "uv": [ 2, 13, 14, 14 ], "rotation": 90, "texture": "#texture" }
    }
},
{
    "__comment": "Top Diag Horiz",
    "from": [ 0.875, 0.5, 2 ],
    "to": [ 2.375, 2, 14 ],
    "rotation": { "origin": [ 0.875, 2, 2 ], "axis": "z", "angle": 45 },
    "faces": {
        "east":  { "uv": [ 2, 13, 14, 14 ], "texture": "#texture" }
    }
},
{
    "__comment": "Top Diag Horiz",
    "from": [ 0, 6.5, 2 ],
    "to": [ 1.5, 8, 14 ],
    "rotation": { "origin": [ 0, 8, 2 ], "axis": "z", "angle": 45 },
    "faces": {
        "up":    { "uv": [ 2, 7, 14, 8 ], "rotation": 90, "texture": "#texture" }
    }
},
{
    "__comment": "Top Diag Horiz",
    "from": [ 0.875, 6.5, 2 ],
    "to": [ 2.375, 8, 14 ],
    "rotation": { "origin": [ 0.875, 8, 2 ], "axis": "z", "angle": 45 },
    "faces": {
        "east":  { "uv": [ 2, 7, 14, 8 ], "texture": "#texture" }
    }
},
{
    "__comment": "Top Diag Horiz",
    "from": [ 0, 12.5, 2 ],
    "to": [ 1.5, 14, 14 ],
    "rotation": { "origin": [ 0, 14, 2 ], "axis": "z", "angle": 45 },
    "faces": {
        "up":    { "uv": [ 2, 1, 14, 2 ], "rotation": 90, "texture": "#texture" }
    }
},
{
    "__comment": "Top Diag Horiz",
    "from": [ 0.875, 12.5, 2 ],
    "to": [ 2.375, 14, 14 ],
    "rotation": { "origin": [ 0.875, 14, 2 ], "axis": "z", "angle": 45 },
    "faces": {
        "east":  { "uv": [ 2, 1, 14, 2 ], "texture": "#texture" }
    }
},
{
    "__comment": "Top Diag Horiz",
    "from": [ 0, 18.5, 2 ],
    "to": [ 1.5, 20, 14 ],
    "rotation": { "origin": [ 0, 20, 2 ], "axis": "z", "angle": 45 },
    "faces": {
        "up":    { "uv": [ 2, 11, 14, 12 ], "rotation": 90, "texture": "#texture" }
    }
},
{
    "__comment": "Top Diag Horiz",
    "from": [ 0.875, 18.5, 2 ],
    "to": [ 2.375, 20, 14 ],
    "rotation": { "origin": [ 0.875, 20, 2 ], "axis": "z", "angle": 45 },
    "faces": {
        "east":  { "uv": [ 2, 11, 14, 12 ], "texture": "#texture" }
    }
},
{
    "__comment": "Top Diag Horiz",
    "from": [ 0, 5.5, 2 ],
    "to": [ 1.5, 7, 14 ],
    "rotation": { "origin": [ 0, 7, 2 ], "axis": "z", "angle": 45 },
    "faces": {
        "west":  { "uv": [ 2, 9, 14, 10 ], "texture": "#texture" }
    }
},
{
    "__comment": "Top Diag Horiz",
    "from": [ 0.875, 5.5, 2 ],
    "to": [ 2.375, 7, 14 ],
    "rotation": { "origin": [ 0.875, 7, 2 ], "axis": "z", "angle": 45 },
    "faces": {
        "down":  { "uv": [ 2, 9, 14, 10 ], "rotation": 90, "texture": "#texture" }
    }
},
{
    "__comment": "Top Diag Horiz",
    "from": [ 0, 11.5, 2 ],
    "to": [ 1.5, 13, 14 ],
    "rotation": { "origin": [ 0, 13, 2 ], "axis": "z", "angle": 45 },
    "faces": {
        "west":  { "uv": [ 2, 3, 14, 4 ], "texture": "#texture" }
    }
},
{
    "__comment": "Top Diag Horiz",
    "from": [ 0.875, 11.5, 2 ],
    "to": [ 2.375, 13, 14 ],
    "rotation": { "origin": [ 0.875, 13, 2 ], "axis": "z", "angle": 45 },
    "faces": {
        "down":  { "uv": [ 2, 3, 14, 4 ], "rotation": 90, "texture": "#texture" }
    }
},
{
    "__comment": "Top Diag Horiz",
    "from": [ 0, 17.5, 2 ],
    "to": [ 1.5, 19, 14 ],
    "rotation": { "origin": [ 0, 19, 2 ], "axis": "z", "angle": 45 },
    "faces": {
        "west":  { "uv": [ 2, 13, 14, 14 ], "texture": "#texture" }
    }
},
{
    "__comment": "Top Diag Horiz",
    "from": [ 0.875, 17.5, 2 ],
    "to": [ 2.375, 19, 14 ],
    "rotation": { "origin": [ 0.875, 19, 2 ], "axis": "z", "angle": 45 },
    "faces": {
        "down":  { "uv": [ 2, 13, 14, 14 ], "rotation": 90, "texture": "#texture" }
    }
},
{
    "__comment": "Top Diag Horiz",
    "from": [ 0, 28.5, 2 ],
    "to": [ 1.5, 30, 14 ],
    "rotation": { "origin": [ 0, 30, 2 ], "axis": "z", "angle": 45 },
    "faces": {
        "west":  { "uv": [ 2, 2, 14, 3 ], "texture": "#texture" }
    }
},
{
    "__comment": "Top Diag Horiz",
    "from": [ 0.875, 28.5, 2 ],
    "to": [ 2.375, 30, 14 ],
    "rotation": { "origin": [ 0.875, 30, 2 ], "axis": "z", "angle": 45 },
    "faces": {
        "down":  { "uv": [ 2, 2, 14, 3 ], "rotation": 90, "texture": "#texture" }
    }
}
]
}