{
"__comment": "Sibsib92 3D Models for Default Resourcepack",
"textures": {
    "down": "blocks/portal",
    "particle": "blocks/portal"
},
"elements": [ 
{
    "from": [ 0, 0, 6 ],
    "to": [ 2, 6, 10 ],
    "__comment": "Frame",
    "faces": {
        "north": { "uv": [ 2, 10, 0, 16 ], "texture": "#down" },
        "south": { "uv": [ 0, 10, 2, 16 ], "texture": "#down" }
    }
},
{
    "from": [ 2, 12, 6 ],
    "to": [ 3, 16, 10 ],
    "__comment": "Frame",
    "faces": {
        "north": { "uv": [ 3, 0, 2, 4 ], "texture": "#down" },
        "south": { "uv": [ 2, 0, 3, 4 ], "texture": "#down" }
    }
},
{
    "from": [ 13, 12, 6 ],
    "to": [ 14, 16, 10 ],
    "__comment": "Frame",
    "faces": {
        "north": { "uv": [ 14, 0, 13, 4 ], "texture": "#down" },
        "south": { "uv": [ 13, 0, 14, 4 ], "texture": "#down" }
    }
},
{
    "from": [ 0, 10, 6 ],
    "to": [ 2, 16, 10 ],
    "__comment": "Frame",
    "faces": {
        "north": { "uv": [ 2, 0, 0, 6 ], "texture": "#down" },
        "south": { "uv": [ 0, 0, 2, 6 ], "texture": "#down" }
    }
},
{
    "from": [ 5, 9, 7 ],
    "to": [ 7, 11, 9 ],
    "__comment": "Creeper",
    "faces": {
        "down":  { "uv": [ 5, 9, 7, 7 ], "texture": "#down" },
        "up":    { "uv": [ 5, 7, 7, 9 ], "texture": "#down" },
        "north": { "uv": [ 7, 5, 5, 7 ], "texture": "#down" },
        "south": { "uv": [ 5, 5, 7, 7 ], "texture": "#down" },
        "west":  { "uv": [ 7, 5, 9, 7 ], "texture": "#down" },
        "east":  { "uv": [ 9, 5, 7, 7 ], "texture": "#down" }
    }
},
{
    "from": [ 9, 9, 7 ],
    "to": [ 11, 11, 9 ],
    "__comment": "Creeper",
    "faces": {
        "down":  { "uv": [ 9, 9, 11, 7 ], "texture": "#down" },
        "up":    { "uv": [ 9, 7, 11, 9 ], "texture": "#down" },
        "north": { "uv": [ 11, 5, 9, 7 ], "texture": "#down" },
        "south": { "uv": [ 9, 5, 11, 7 ], "texture": "#down" },
        "west":  { "uv": [ 7, 5, 9, 7 ], "texture": "#down" },
        "east":  { "uv": [ 9, 5, 7, 7 ], "texture": "#down" }
    }
},
{
    "from": [ 7, 7, 7 ],
    "to": [ 9, 8, 9 ],
    "__comment": "Creeper",
    "faces": {
        "up":    { "uv": [ 7, 7, 9, 9 ], "texture": "#down" },
        "north": { "uv": [ 9, 8, 7, 9 ], "texture": "#down" },
        "south": { "uv": [ 7, 8, 9, 9 ], "texture": "#down" },
        "west":  { "uv": [ 7, 8, 9, 9 ], "texture": "#down" },
        "east":  { "uv": [ 9, 8, 7, 9 ], "texture": "#down" }
    }
},
{
    "from": [ 6, 5, 7 ],
    "to": [ 7, 6, 9 ],
    "__comment": "Creeper",
    "faces": {
        "down":  { "uv": [ 6, 9, 7, 7 ], "texture": "#down" },
        "north": { "uv": [ 7, 10, 6, 11 ], "texture": "#down" },
        "south": { "uv": [ 6, 10, 7, 11 ], "texture": "#down" },
        "west":  { "uv": [ 7, 10, 9, 11 ], "texture": "#down" },
        "east":  { "uv": [ 9, 10, 7, 11 ], "texture": "#down" }
    }
},
{
    "from": [ 9, 5, 7 ],
    "to": [ 10, 6, 9 ],
    "__comment": "Creeper",
    "faces": {
        "down":  { "uv": [ 9, 9, 10, 7 ], "texture": "#down" },
        "north": { "uv": [ 10, 10, 9, 11 ], "texture": "#down" },
        "south": { "uv": [ 9, 10, 10, 11 ], "texture": "#down" },
        "west":  { "uv": [ 7, 10, 9, 11 ], "texture": "#down" },
        "east":  { "uv": [ 9, 10, 7, 11 ], "texture": "#down" }
    }
},
{
    "from": [ 7, 6, 7 ],
    "to": [ 9, 7, 9 ],
    "__comment": "Creeper",
    "faces": {
        "down":  { "uv": [ 7, 9, 9, 7 ], "texture": "#down" },
        "north": { "uv": [ 9, 9, 7, 10 ], "texture": "#down" },
        "south": { "uv": [ 7, 9, 9, 10 ], "texture": "#down" }
    }
},
{
    "from": [ 9, 6, 7 ],
    "to": [ 10, 7, 9 ],
    "__comment": "Creeper",
    "faces": {
        "up":    { "uv": [ 9, 7, 10, 9 ], "texture": "#down" },
        "north": { "uv": [ 10, 9, 9, 10 ], "texture": "#down" },
        "south": { "uv": [ 9, 9, 10, 10 ], "texture": "#down" },
        "east":  { "uv": [ 9, 9, 7, 10 ], "texture": "#down" }
    }
},
{
    "from": [ 6, 6, 7 ],
    "to": [ 7, 7, 9 ],
    "__comment": "Creeper",
    "faces": {
        "up":    { "uv": [ 6, 7, 7, 9 ], "texture": "#down" },
        "north": { "uv": [ 7, 9, 6, 10 ], "texture": "#down" },
        "south": { "uv": [ 6, 9, 7, 10 ], "texture": "#down" },
        "west":  { "uv": [ 7, 9, 9, 10 ], "texture": "#down" }
    }
},
{
    "from": [ 10, 13, 6 ],
    "to": [ 12, 14, 10 ],
    "__comment": "Frame*",
    "faces": {
        "down":  { "uv": [ 10, 10, 12, 6 ], "texture": "#down" },
        "north": { "uv": [ 12, 2, 10, 3 ], "texture": "#down" },
        "south": { "uv": [ 10, 2, 12, 3 ], "texture": "#down" },
        "west":  { "uv": [ 6, 2, 10, 3 ], "texture": "#down" }
    }
},
{
    "from": [ 12, 12, 6 ],
    "to": [ 13, 13, 10 ],
    "__comment": "Frame*",
    "faces": {
        "down":  { "uv": [ 12, 10, 13, 6 ], "texture": "#down" },
        "north": { "uv": [ 13, 3, 12, 4 ], "texture": "#down" },
        "south": { "uv": [ 12, 3, 13, 4 ], "texture": "#down" },
        "west":  { "uv": [ 6, 3, 10, 4 ], "texture": "#down" }
    }
},
{
    "from": [ 13, 10, 6 ],
    "to": [ 14, 12, 10 ],
    "__comment": "Frame*",
    "faces": {
        "down":  { "uv": [ 13, 10, 14, 6 ], "texture": "#down" },
        "north": { "uv": [ 14, 4, 13, 6 ], "texture": "#down" },
        "south": { "uv": [ 13, 4, 14, 6 ], "texture": "#down" },
        "west":  { "uv": [ 6, 4, 10, 6 ], "texture": "#down" }
    }
},
{
    "from": [ 10, 2, 6 ],
    "to": [ 12, 3, 10 ],
    "__comment": "Frame*",
    "faces": {
        "up":    { "uv": [ 10, 6, 12, 10 ], "texture": "#down" },
        "north": { "uv": [ 12, 13, 10, 14 ], "texture": "#down" },
        "south": { "uv": [ 10, 13, 12, 14 ], "texture": "#down" },
        "west":  { "uv": [ 6, 13, 10, 14 ], "texture": "#down" }
    }
},
{
    "from": [ 12, 3, 6 ],
    "to": [ 13, 4, 10 ],
    "__comment": "Frame*",
    "faces": {
        "up":    { "uv": [ 12, 6, 13, 10 ], "texture": "#down" },
        "north": { "uv": [ 13, 12, 12, 13 ], "texture": "#down" },
        "south": { "uv": [ 12, 12, 13, 13 ], "texture": "#down" },
        "west":  { "uv": [ 6, 12, 10, 13 ], "texture": "#down" }
    }
},
{
    "from": [ 13, 4, 6 ],
    "to": [ 14, 6, 10 ],
    "__comment": "Frame*",
    "faces": {
        "up":    { "uv": [ 13, 6, 14, 10 ], "texture": "#down" },
        "north": { "uv": [ 14, 10, 13, 12 ], "texture": "#down" },
        "south": { "uv": [ 13, 10, 14, 12 ], "texture": "#down" },
        "west":  { "uv": [ 6, 10, 10, 12 ], "texture": "#down" }
    }
},
{
    "from": [ 4, 13, 6 ],
    "to": [ 6, 14, 10 ],
    "__comment": "Frame*",
    "faces": {
        "down":  { "uv": [ 4, 10, 6, 6 ], "texture": "#down" },
        "north": { "uv": [ 6, 2, 4, 3 ], "texture": "#down" },
        "south": { "uv": [ 4, 2, 6, 3 ], "texture": "#down" },
        "east":  { "uv": [ 10, 2, 6, 3 ], "texture": "#down" }
    }
},
{
    "from": [ 3, 12, 6 ],
    "to": [ 4, 13, 10 ],
    "__comment": "Frame*",
    "faces": {
        "down":  { "uv": [ 3, 10, 4, 6 ], "texture": "#down" },
        "north": { "uv": [ 4, 3, 3, 4 ], "texture": "#down" },
        "south": { "uv": [ 3, 3, 4, 4 ], "texture": "#down" },
        "east":  { "uv": [ 10, 3, 6, 4 ], "texture": "#down" }
    }
},
{
    "from": [ 2, 10, 6 ],
    "to": [ 3, 12, 10 ],
    "__comment": "Frame*",
    "faces": {
        "down":  { "uv": [ 2, 10, 3, 6 ], "texture": "#down" },
        "north": { "uv": [ 3, 4, 2, 6 ], "texture": "#down" },
        "south": { "uv": [ 2, 4, 3, 6 ], "texture": "#down" },
        "east":  { "uv": [ 10, 4, 6, 6 ], "texture": "#down" }
    }
},
{
    "from": [ 4, 2, 6 ],
    "to": [ 6, 3, 10 ],
    "__comment": "Frame*",
    "faces": {
        "up":    { "uv": [ 4, 6, 6, 10 ], "texture": "#down" },
        "north": { "uv": [ 6, 13, 4, 14 ], "texture": "#down" },
        "south": { "uv": [ 4, 13, 6, 14 ], "texture": "#down" },
        "east":  { "uv": [ 10, 13, 6, 14 ], "texture": "#down" }
    }
},
{
    "from": [ 3, 3, 6 ],
    "to": [ 4, 4, 10 ],
    "__comment": "Frame*",
    "faces": {
        "up":    { "uv": [ 3, 6, 4, 10 ], "texture": "#down" },
        "north": { "uv": [ 4, 12, 3, 13 ], "texture": "#down" },
        "south": { "uv": [ 3, 12, 4, 13 ], "texture": "#down" },
        "east":  { "uv": [ 10, 12, 6, 13 ], "texture": "#down" }
    }
},
{
    "from": [ 2, 4, 6 ],
    "to": [ 3, 6, 10 ],
    "__comment": "Frame*",
    "faces": {
        "up":    { "uv": [ 2, 6, 3, 10 ], "texture": "#down" },
        "north": { "uv": [ 3, 10, 2, 12 ], "texture": "#down" },
        "south": { "uv": [ 2, 10, 3, 12 ], "texture": "#down" },
        "east":  { "uv": [ 10, 10, 6, 12 ], "texture": "#down" }
    }
},
{
    "from": [ 14, 0, 6 ],
    "to": [ 16, 6, 10 ],
    "__comment": "Frame*",
    "faces": {
        "north": { "uv": [ 16, 10, 14, 16 ], "texture": "#down" },
        "south": { "uv": [ 14, 10, 16, 16 ], "texture": "#down" }
    }
},
{
    "from": [ 2, 0, 6 ],
    "to": [ 3, 4, 10 ],
    "__comment": "Frame*",
    "faces": {
        "north": { "uv": [ 3, 12, 2, 16 ], "texture": "#down" },
        "south": { "uv": [ 2, 12, 3, 16 ], "texture": "#down" }
    }
},
{
    "from": [ 13, 0, 6 ],
    "to": [ 14, 4, 10 ],
    "__comment": "Frame*",
    "faces": {
        "north": { "uv": [ 14, 12, 13, 16 ], "texture": "#down" },
        "south": { "uv": [ 13, 12, 14, 16 ], "texture": "#down" }
    }
},
{
    "from": [ 14, 10, 6 ],
    "to": [ 16, 16, 10 ],
    "__comment": "Frame*",
    "faces": {
        "north": { "uv": [ 16, 0, 14, 6 ], "texture": "#down" },
        "south": { "uv": [ 14, 0, 16, 6 ], "texture": "#down" }
    }
},
{
    "from": [ 6, 0, 6 ],
    "to": [ 10, 2, 10 ],
    "__comment": "Frame*",
    "faces": {
        "up":    { "uv": [ 6, 6, 10, 10 ], "texture": "#down" },
        "north": { "uv": [ 10, 14, 6, 16 ], "texture": "#down" },
        "south": { "uv": [ 6, 14, 10, 16 ], "texture": "#down" }
    }
},
{
    "from": [ 0, 6, 6 ],
    "to": [ 2, 10, 10 ],
    "__comment": "Frame*",
    "faces": {
        "north": { "uv": [ 2, 6, 0, 10 ], "texture": "#down" },
        "south": { "uv": [ 0, 6, 2, 10 ], "texture": "#down" },
        "east":  { "uv": [ 10, 6, 6, 10 ], "texture": "#down" }
    }
},
{
    "from": [ 14, 6, 6 ],
    "to": [ 16, 10, 10 ],
    "__comment": "Frame*",
    "faces": {
        "north": { "uv": [ 16, 6, 14, 10 ], "texture": "#down" },
        "south": { "uv": [ 14, 6, 16, 10 ], "texture": "#down" },
        "west":  { "uv": [ 6, 6, 10, 10 ], "texture": "#down" }
    }
},
{
    "from": [ 3, 13, 6 ],
    "to": [ 4, 16, 10 ],
    "__comment": "Frame*",
    "faces": {
        "north": { "uv": [ 4, 0, 3, 3 ], "texture": "#down" },
        "south": { "uv": [ 3, 0, 4, 3 ], "texture": "#down" }
    }
},
{
    "from": [ 3, 0, 6 ],
    "to": [ 4, 3, 10 ],
    "__comment": "Frame*",
    "faces": {
        "north": { "uv": [ 4, 13, 3, 16 ], "texture": "#down" },
        "south": { "uv": [ 3, 13, 4, 16 ], "texture": "#down" }
    }
},
{
    "from": [ 4, 14, 6 ],
    "to": [ 6, 16, 10 ],
    "__comment": "Frame*",
    "faces": {
        "north": { "uv": [ 6, 0, 4, 2 ], "texture": "#down" },
        "south": { "uv": [ 4, 0, 6, 2 ], "texture": "#down" }
    }
},
{
    "from": [ 4, 0, 6 ],
    "to": [ 6, 2, 10 ],
    "__comment": "Frame*",
    "faces": {
        "north": { "uv": [ 6, 14, 4, 16 ], "texture": "#down" },
        "south": { "uv": [ 4, 14, 6, 16 ], "texture": "#down" }
    }
},
{
    "from": [ 6, 14, 6 ],
    "to": [ 10, 16, 10 ],
    "__comment": "Frame*",
    "faces": {
        "down":  { "uv": [ 6, 10, 10, 6 ], "texture": "#down" },
        "north": { "uv": [ 10, 0, 6, 2 ], "texture": "#down" },
        "south": { "uv": [ 6, 0, 10, 2 ], "texture": "#down" }
    }
},
{
    "from": [ 12, 0, 6 ],
    "to": [ 13, 3, 10 ],
    "__comment": "Frame*",
    "faces": {
        "north": { "uv": [ 13, 13, 12, 16 ], "texture": "#down" },
        "south": { "uv": [ 12, 13, 13, 16 ], "texture": "#down" }
    }
},
{
    "from": [ 10, 0, 6 ],
    "to": [ 12, 2, 10 ],
    "__comment": "Frame*",
    "faces": {
        "north": { "uv": [ 12, 14, 10, 16 ], "texture": "#down" },
        "south": { "uv": [ 10, 14, 12, 16 ], "texture": "#down" }
    }
},
{
    "from": [ 12, 13, 6 ],
    "to": [ 13, 16, 10 ],
    "__comment": "Frame*",
    "faces": {
        "north": { "uv": [ 13, 0, 12, 3 ], "texture": "#down" },
        "south": { "uv": [ 12, 0, 13, 3 ], "texture": "#down" }
    }
},
{
    "from": [ 10, 14, 6 ],
    "to": [ 12, 16, 10 ],
    "__comment": "Frame*",
    "faces": {
        "north": { "uv": [ 12, 0, 10, 2 ], "texture": "#down" },
        "south": { "uv": [ 10, 0, 12, 2 ], "texture": "#down" }
    }
}
]
}