{
"__comment": "3D Models by Sibsib92 with BDcraft Cubik PRO 0.87 Beta - http://bdcraft.net",
"ambientocclusion": false,
"textures": {
    "particle": "blocks/reeds"
},
"elements": [ 
{
    "__comment": "Small",
    "from": [ 9, -6, 14 ],
    "to": [ 10, 10, 15 ],
    "faces": {
        "up":    { "uv": [ 9.5, 0, 10.5, 1 ], "texture": "#particle", "tintindex": 0 },
        "north": { "uv": [ 10, 0, 9, 16 ], "texture": "#particle", "tintindex": 0 },
        "south": { "uv": [ 9, 0, 10, 16 ], "texture": "#particle", "tintindex": 0 },
        "west":  { "uv": [ 9, 0, 10, 16 ], "texture": "#particle", "tintindex": 0 },
        "east":  { "uv": [ 10, 0, 9, 16 ], "texture": "#particle", "tintindex": 0 }
    }
},
{
    "__comment": "Small",
    "from": [ 0.5, -7, 4 ],
    "to": [ 1.5, 9, 5 ],
    "faces": {
        "up":    { "uv": [ 10, 0, 11, 1 ], "texture": "#particle", "tintindex": 0 },
        "north": { "uv": [ 11, 0, 10, 16 ], "texture": "#particle", "tintindex": 0 },
        "south": { "uv": [ 10, 0, 11, 16 ], "texture": "#particle", "tintindex": 0 },
        "west":  { "uv": [ 6, 0, 7, 16 ], "texture": "#particle", "tintindex": 0 },
        "east":  { "uv": [ 7, 0, 6, 16 ], "texture": "#particle", "tintindex": 0 }
    }
},
{
    "__comment": "Small",
    "from": [ 8, -4.5, 3 ],
    "to": [ 9, 11.5, 4 ],
    "faces": {
        "up":    { "uv": [ 2, 0, 3, 1 ], "texture": "#particle", "tintindex": 0 },
        "north": { "uv": [ 3, 0, 2, 16 ], "texture": "#particle", "tintindex": 0 },
        "south": { "uv": [ 2, 0, 3, 16 ], "texture": "#particle", "tintindex": 0 },
        "west":  { "uv": [ 2, 0, 3, 16 ], "texture": "#particle", "tintindex": 0 },
        "east":  { "uv": [ 3, 0, 2, 16 ], "texture": "#particle", "tintindex": 0 }
    }
},
{
    "__comment": "Small",
    "from": [ 4, -6, 6 ],
    "to": [ 5, 10, 7 ],
    "faces": {
        "up":    { "uv": [ 5, 0, 6, 1 ], "texture": "#particle", "tintindex": 0 },
        "north": { "uv": [ 6, 0, 5, 16 ], "texture": "#particle", "tintindex": 0 },
        "south": { "uv": [ 5, 0, 6, 16 ], "texture": "#particle", "tintindex": 0 },
        "west":  { "uv": [ 5, 0, 6, 16 ], "texture": "#particle", "tintindex": 0 },
        "east":  { "uv": [ 6, 0, 5, 16 ], "texture": "#particle", "tintindex": 0 }
    }
},
{
    "__comment": "Small",
    "from": [ 5.5, -2.5, 10 ],
    "to": [ 6.5, 13.5, 11 ],
    "faces": {
        "up":    { "uv": [ 14, 0, 15, 1 ], "texture": "#particle", "tintindex": 0 },
        "north": { "uv": [ 15, 0, 14, 16 ], "texture": "#particle", "tintindex": 0 },
        "south": { "uv": [ 14, 0, 15, 16 ], "texture": "#particle", "tintindex": 0 },
        "west":  { "uv": [ 14, 0, 15, 16 ], "texture": "#particle", "tintindex": 0 },
        "east":  { "uv": [ 15, 0, 14, 16 ], "texture": "#particle", "tintindex": 0 }
    }
},
{
    "__comment": "Small",
    "from": [ 2, -4, 14 ],
    "to": [ 3, 12, 15 ],
    "faces": {
        "up":    { "uv": [ 1, 0, 2, 1 ], "texture": "#particle", "tintindex": 0 },
        "north": { "uv": [ 2, 0, 1, 16 ], "texture": "#particle", "tintindex": 0 },
        "south": { "uv": [ 1, 0, 2, 16 ], "texture": "#particle", "tintindex": 0 },
        "west":  { "uv": [ 1, 0, 2, 16 ], "texture": "#particle", "tintindex": 0 },
        "east":  { "uv": [ 2, 0, 1, 16 ], "texture": "#particle", "tintindex": 0 }
    }
},
{
    "__comment": "Small",
    "from": [ 13, -0.5, 5 ],
    "to": [ 14, 15.5, 6 ],
    "faces": {
        "up":    { "uv": [ 9, 0, 10, 1 ], "texture": "#particle", "tintindex": 0 },
        "north": { "uv": [ 10, 0, 9, 16 ], "texture": "#particle", "tintindex": 0 },
        "south": { "uv": [ 9, 0, 10, 16 ], "texture": "#particle", "tintindex": 0 },
        "west":  { "uv": [ 9, 0, 10, 16 ], "texture": "#particle", "tintindex": 0 },
        "east":  { "uv": [ 10, 0, 9, 16 ], "texture": "#particle", "tintindex": 0 }
    }
},
{
    "__comment": "Big",
    "from": [ 11.5, -3, 12.5 ],
    "to": [ 13.5, 13, 14.5 ],
    "faces": {
        "up":    { "uv": [ 9, 5, 11, 7 ], "texture": "#particle", "tintindex": 0 },
        "north": { "uv": [ 9, 0, 11, 16 ], "texture": "#particle", "tintindex": 0 },
        "south": { "uv": [ 9, 0, 11, 16 ], "texture": "#particle", "tintindex": 0 },
        "west":  { "uv": [ 11, 0, 9, 16 ], "texture": "#particle", "tintindex": 0 },
        "east":  { "uv": [ 11, 0, 9, 16 ], "texture": "#particle", "tintindex": 0 }
    }
},
{
    "__comment": "Big",
    "from": [ 3.5, -2.5, 2 ],
    "to": [ 5.5, 13.5, 4 ],
    "faces": {
        "up":    { "uv": [ 5, 4, 7, 6 ], "texture": "#particle", "tintindex": 0 },
        "north": { "uv": [ 5, 0, 7, 16 ], "texture": "#particle", "tintindex": 0 },
        "south": { "uv": [ 5, 0, 7, 16 ], "texture": "#particle", "tintindex": 0 },
        "west":  { "uv": [ 7, 0, 5, 16 ], "texture": "#particle", "tintindex": 0 },
        "east":  { "uv": [ 7, 0, 5, 16 ], "texture": "#particle", "tintindex": 0 }
    }
},
{
    "__comment": "Big",
    "from": [ 13, -5, 1 ],
    "to": [ 15, 11, 3 ],
    "faces": {
        "up":    { "uv": [ 13, 1, 15, 3 ], "texture": "#particle", "tintindex": 0 },
        "north": { "uv": [ 13, 0, 15, 16 ], "texture": "#particle", "tintindex": 0 },
        "south": { "uv": [ 13, 0, 15, 16 ], "texture": "#particle", "tintindex": 0 },
        "west":  { "uv": [ 15, 0, 13, 16 ], "texture": "#particle", "tintindex": 0 },
        "east":  { "uv": [ 15, 0, 13, 16 ], "texture": "#particle", "tintindex": 0 }
    }
},
{
    "__comment": "Big",
    "from": [ 5.5, -9, 13.5 ],
    "to": [ 7.5, 7, 15.5 ],
    "faces": {
        "up":    { "uv": [ 1, 0, 3, 2 ], "texture": "#particle", "tintindex": 0 },
        "north": { "uv": [ 1, 0, 3, 16 ], "texture": "#particle", "tintindex": 0 },
        "south": { "uv": [ 1, 0, 3, 16 ], "texture": "#particle", "tintindex": 0 },
        "west":  { "uv": [ 3, 0, 1, 16 ], "texture": "#particle", "tintindex": 0 },
        "east":  { "uv": [ 3, 0, 1, 16 ], "texture": "#particle", "tintindex": 0 }
    }
},
{
    "__comment": "Big",
    "from": [ 7.5, -1, 6.5 ],
    "to": [ 9.5, 15, 8.5 ],
    "faces": {
        "up":    { "uv": [ 9, 5, 11, 7 ], "texture": "#particle", "tintindex": 0 },
        "north": { "uv": [ 9, 0, 11, 16 ], "texture": "#particle", "tintindex": 0 },
        "south": { "uv": [ 9, 0, 11, 16 ], "texture": "#particle", "tintindex": 0 },
        "west":  { "uv": [ 11, 0, 9, 16 ], "texture": "#particle", "tintindex": 0 },
        "east":  { "uv": [ 11, 0, 9, 16 ], "texture": "#particle", "tintindex": 0 }
    }
},
{
    "__comment": "Big",
    "from": [ 1, -5, 10 ],
    "to": [ 3, 11, 12 ],
    "faces": {
        "up":    { "uv": [ 5, 10, 7, 12 ], "texture": "#particle", "tintindex": 0 },
        "north": { "uv": [ 5, 0, 7, 16 ], "texture": "#particle", "tintindex": 0 },
        "south": { "uv": [ 5, 0, 7, 16 ], "texture": "#particle", "tintindex": 0 },
        "west":  { "uv": [ 7, 0, 5, 16 ], "texture": "#particle", "tintindex": 0 },
        "east":  { "uv": [ 7, 0, 5, 16 ], "texture": "#particle", "tintindex": 0 }
    }
},
{
    "__comment": "Small",
    "from": [ 10, -4, 9 ],
    "to": [ 11, 12, 10 ],
    "faces": {
        "up":    { "uv": [ 9, 0, 10, 1 ], "texture": "#particle", "tintindex": 0 },
        "north": { "uv": [ 10, 0, 9, 16 ], "texture": "#particle", "tintindex": 0 },
        "south": { "uv": [ 9, 0, 10, 16 ], "texture": "#particle", "tintindex": 0 },
        "west":  { "uv": [ 9, 0, 10, 16 ], "texture": "#particle", "tintindex": 0 },
        "east":  { "uv": [ 10, 0, 9, 16 ], "texture": "#particle", "tintindex": 0 }
    }
},
{
    "__comment": "Small",
    "from": [ 1, -10, 1 ],
    "to": [ 2, 6, 2 ],
    "faces": {
        "up":    { "uv": [ 10, 0, 11, 1 ], "texture": "#particle", "tintindex": 0 },
        "north": { "uv": [ 11, 0, 10, 16 ], "texture": "#particle", "tintindex": 0 },
        "south": { "uv": [ 10, 0, 11, 16 ], "texture": "#particle", "tintindex": 0 },
        "west":  { "uv": [ 10, 0, 11, 16 ], "texture": "#particle", "tintindex": 0 },
        "east":  { "uv": [ 11, 0, 10, 16 ], "texture": "#particle", "tintindex": 0 }
    }
},
{
    "__comment": "Small",
    "from": [ 14.5, -13.5, 10 ],
    "to": [ 15.5, 2.5, 11 ],
    "faces": {
        "up":    { "uv": [ 9, 0, 10, 1 ], "texture": "#particle", "tintindex": 0 },
        "north": { "uv": [ 10, 0, 9, 16 ], "texture": "#particle", "tintindex": 0 },
        "south": { "uv": [ 9, 0, 10, 16 ], "texture": "#particle", "tintindex": 0 },
        "west":  { "uv": [ 9, 0, 10, 16 ], "texture": "#particle", "tintindex": 0 },
        "east":  { "uv": [ 10, 0, 9, 16 ], "texture": "#particle", "tintindex": 0 }
    }
}
]
}