{
"__comment": "Designed by Sibsib92 with BDcraft Cubik PRO 0.92 Beta - http://bdcraft.net",
"ambientocclusion": false,
"textures": {
    "particle": "blocks/stone"
},
"elements": [ 
{
    "__comment": "Stone",
    "from": [ 1, 0, 1 ],
    "to": [ 5, 1, 5 ],
    "faces": {
        "down":  { "uv": [ 15, 5, 11, 1 ], "texture": "#particle" },
        "up":    { "uv": [ 1, 1, 5, 5 ], "texture": "#particle" },
        "north": { "uv": [ 11, 15, 15, 16 ], "texture": "#particle" },
        "south": { "uv": [ 1, 15, 5, 16 ], "texture": "#particle" },
        "west":  { "uv": [ 1, 15, 5, 16 ], "texture": "#particle" },
        "east":  { "uv": [ 11, 15, 15, 16 ], "texture": "#particle" }
    }
},
{
    "__comment": "Stone",
    "from": [ 6, 0, 1 ],
    "to": [ 10, 1, 5 ],
    "faces": {
        "down":  { "uv": [ 10, 5, 6, 1 ], "texture": "#particle" },
        "up":    { "uv": [ 6, 1, 10, 5 ], "texture": "#particle" },
        "north": { "uv": [ 6, 15, 10, 16 ], "texture": "#particle" },
        "south": { "uv": [ 6, 15, 10, 16 ], "texture": "#particle" },
        "west":  { "uv": [ 1, 15, 5, 16 ], "texture": "#particle" },
        "east":  { "uv": [ 11, 15, 15, 16 ], "texture": "#particle" }
    }
},
{
    "__comment": "Stone",
    "from": [ 11, 0, 1 ],
    "to": [ 15, 1, 5 ],
    "faces": {
        "down":  { "uv": [ 5, 5, 1, 1 ], "texture": "#particle" },
        "up":    { "uv": [ 11, 1, 15, 5 ], "texture": "#particle" },
        "north": { "uv": [ 1, 15, 5, 16 ], "texture": "#particle" },
        "south": { "uv": [ 11, 15, 15, 16 ], "texture": "#particle" },
        "west":  { "uv": [ 1, 15, 5, 16 ], "texture": "#particle" },
        "east":  { "uv": [ 11, 15, 15, 16 ], "texture": "#particle" }
    }
},
{
    "__comment": "Stone",
    "from": [ 1, 0, 6 ],
    "to": [ 5, 1, 10 ],
    "faces": {
        "down":  { "uv": [ 15, 10, 11, 6 ], "texture": "#particle" },
        "up":    { "uv": [ 1, 6, 5, 10 ], "texture": "#particle" },
        "north": { "uv": [ 11, 15, 15, 16 ], "texture": "#particle" },
        "south": { "uv": [ 1, 15, 5, 16 ], "texture": "#particle" },
        "west":  { "uv": [ 6, 15, 10, 16 ], "texture": "#particle" },
        "east":  { "uv": [ 6, 15, 10, 16 ], "texture": "#particle" }
    }
},
{
    "__comment": "Stone",
    "from": [ 6, 0, 6 ],
    "to": [ 10, 0.5, 10 ],
    "faces": {
        "down":  { "uv": [ 10, 10, 6, 6 ], "texture": "#particle" },
        "up":    { "uv": [ 6, 6, 10, 10 ], "texture": "#particle" },
        "north": { "uv": [ 6, 15.5, 10, 16 ], "texture": "#particle" },
        "south": { "uv": [ 6, 15.5, 10, 16 ], "texture": "#particle" },
        "west":  { "uv": [ 6, 15.5, 10, 16 ], "texture": "#particle" },
        "east":  { "uv": [ 6, 15.5, 10, 16 ], "texture": "#particle" }
    }
},
{
    "__comment": "Stone",
    "from": [ 11, 0, 6 ],
    "to": [ 15, 1, 10 ],
    "faces": {
        "down":  { "uv": [ 5, 10, 1, 6 ], "texture": "#particle" },
        "up":    { "uv": [ 11, 6, 15, 10 ], "texture": "#particle" },
        "north": { "uv": [ 1, 15, 5, 16 ], "texture": "#particle" },
        "south": { "uv": [ 11, 15, 15, 16 ], "texture": "#particle" },
        "west":  { "uv": [ 6, 15, 10, 16 ], "texture": "#particle" },
        "east":  { "uv": [ 6, 15, 10, 16 ], "texture": "#particle" }
    }
},
{
    "__comment": "Stone",
    "from": [ 1, 0, 11 ],
    "to": [ 5, 1, 15 ],
    "faces": {
        "down":  { "uv": [ 15, 15, 11, 11 ], "texture": "#particle" },
        "up":    { "uv": [ 1, 11, 5, 15 ], "texture": "#particle" },
        "north": { "uv": [ 11, 15, 15, 16 ], "texture": "#particle" },
        "south": { "uv": [ 1, 15, 5, 16 ], "texture": "#particle" },
        "west":  { "uv": [ 11, 15, 15, 16 ], "texture": "#particle" },
        "east":  { "uv": [ 1, 15, 5, 16 ], "texture": "#particle" }
    }
},
{
    "__comment": "Stone",
    "from": [ 6, 0, 11 ],
    "to": [ 10, 1, 15 ],
    "faces": {
        "down":  { "uv": [ 10, 15, 6, 11 ], "texture": "#particle" },
        "up":    { "uv": [ 6, 11, 10, 15 ], "texture": "#particle" },
        "north": { "uv": [ 6, 15, 10, 16 ], "texture": "#particle" },
        "south": { "uv": [ 6, 15, 10, 16 ], "texture": "#particle" },
        "west":  { "uv": [ 11, 15, 15, 16 ], "texture": "#particle" },
        "east":  { "uv": [ 1, 15, 5, 16 ], "texture": "#particle" }
    }
},
{
    "__comment": "Stone",
    "from": [ 11, 0, 11 ],
    "to": [ 15, 1, 15 ],
    "faces": {
        "down":  { "uv": [ 5, 15, 1, 11 ], "texture": "#particle" },
        "up":    { "uv": [ 11, 11, 15, 15 ], "texture": "#particle" },
        "north": { "uv": [ 1, 15, 5, 16 ], "texture": "#particle" },
        "south": { "uv": [ 11, 15, 15, 16 ], "texture": "#particle" },
        "west":  { "uv": [ 11, 15, 15, 16 ], "texture": "#particle" },
        "east":  { "uv": [ 1, 15, 5, 16 ], "texture": "#particle" }
    }
}
]
}